-- Khilonfast Database Export
-- Generated at 2026-03-19T03:48:00.942Z

SET FOREIGN_KEY_CHECKS = 0;

DROP TABLE IF EXISTS `cms_menus`;
CREATE TABLE `cms_menus` (
  `id` int NOT NULL AUTO_INCREMENT,
  `name` varchar(50) COLLATE utf8mb4_unicode_ci NOT NULL,
  `items_json` json NOT NULL,
  `created_at` timestamp NULL DEFAULT CURRENT_TIMESTAMP,
  PRIMARY KEY (`id`)
) ENGINE=InnoDB DEFAULT CHARSET=utf8mb4 COLLATE=utf8mb4_unicode_ci;

DROP TABLE IF EXISTS `cms_page_contents`;
CREATE TABLE `cms_page_contents` (
  `id` int NOT NULL AUTO_INCREMENT,
  `page_id` int NOT NULL,
  `version` int DEFAULT '1',
  `content_json` json NOT NULL COMMENT 'Stores the array of blocks/components',
  `is_published` tinyint(1) DEFAULT '0',
  `created_at` timestamp NULL DEFAULT CURRENT_TIMESTAMP,
  PRIMARY KEY (`id`),
  KEY `idx_page_id` (`page_id`),
  CONSTRAINT `cms_page_contents_ibfk_1` FOREIGN KEY (`page_id`) REFERENCES `cms_pages` (`id`) ON DELETE CASCADE
) ENGINE=InnoDB AUTO_INCREMENT=50 DEFAULT CHARSET=utf8mb4 COLLATE=utf8mb4_unicode_ci;

INSERT INTO `cms_page_contents` VALUES
(27, 1, 1, '[object Object]', 1, '2026-02-27 01:31:18.000'),
(29, 2, 1, '[object Object]', 1, '2026-02-27 01:34:53.000'),
(33, 12, 1, '[object Object]', 1, '2026-02-27 02:12:56.000'),
(36, 10, 1, '[object Object]', 1, '2026-02-27 02:13:08.000'),
(38, 14, 1, '[object Object]', 1, '2026-02-27 02:16:51.000'),
(42, 5, 1, '[object Object]', 1, '2026-02-27 02:46:05.000'),
(46, 23, 1, '[object Object]', 1, '2026-03-07 22:35:12.000'),
(49, 20, 1, '[object Object]', 1, '2026-03-07 22:40:52.000');

DROP TABLE IF EXISTS `cms_pages`;
CREATE TABLE `cms_pages` (
  `id` int NOT NULL AUTO_INCREMENT,
  `slug` varchar(255) COLLATE utf8mb4_unicode_ci NOT NULL,
  `title` varchar(255) COLLATE utf8mb4_unicode_ci NOT NULL,
  `meta_title` varchar(255) COLLATE utf8mb4_unicode_ci DEFAULT NULL,
  `meta_description` text COLLATE utf8mb4_unicode_ci,
  `is_active` tinyint(1) DEFAULT '0',
  `template_type` varchar(50) COLLATE utf8mb4_unicode_ci DEFAULT 'default',
  `created_at` timestamp NULL DEFAULT CURRENT_TIMESTAMP,
  `updated_at` timestamp NULL DEFAULT CURRENT_TIMESTAMP ON UPDATE CURRENT_TIMESTAMP,
  PRIMARY KEY (`id`),
  UNIQUE KEY `slug` (`slug`),
  KEY `idx_slug` (`slug`)
) ENGINE=InnoDB AUTO_INCREMENT=24 DEFAULT CHARSET=utf8mb4 COLLATE=utf8mb4_unicode_ci;

INSERT INTO `cms_pages` VALUES
(1, 'egitimler/odeme-sistemlerinde-buyume-odakli-pazarlama-egitimi', 'Ödeme Sistemlerinde Büyüme Odaklı Pazarlama Eğitimi', '', '', 1, 'default', '2026-02-26 23:37:57.000', '2026-02-26 23:37:57.000'),
(2, 'egitimler/enerji-sektorunde-buyume-odakli-pazarlama-egitimi', 'Enerji Sektöründe Büyüme Odaklı Pazarlama Eğitimi', '', '', 0, 'default', '2026-02-27 01:34:51.000', '2026-02-27 01:34:51.000'),
(3, 'egitimler/filo-kiralama-sektorunde-buyume-odakli-pazarlama-egitimi', 'Filo Kiralama Sektöründe Büyüme Odaklı Pazarlama Eğitimi', '', '', 0, 'default', '2026-02-27 01:40:24.000', '2026-02-27 01:40:24.000'),
(5, 'sektorel-hizmetler/filo-kiralama-firmalari-360-pazarlama-yonetimi', 'Filo Kiralama Firmaları İçin', '', '', 0, 'default', '2026-02-27 01:42:59.000', '2026-02-27 01:42:59.000'),
(7, 'sectoral-services/fleet-rental-companies-360-marketing-management', 'Filo Kiralama Firmaları İçin', '', '', 0, 'default', '2026-02-27 01:47:19.000', '2026-02-27 01:47:19.000'),
(10, 'sectoral-services/payment-systems-marketing-management', 'For Payment Systems Companies', '', '', 0, 'default', '2026-02-27 02:12:45.000', '2026-02-27 02:12:45.000'),
(12, 'sektorel-hizmetler/odeme-sistemleri-pazarlama-yonetimi', 'Ödeme Sistemleri İçin', '', '', 0, 'default', '2026-02-27 02:12:47.000', '2026-02-27 02:12:47.000'),
(14, 'sektorel-hizmetler/b2b-360-pazarlama-yonetimi', 'B2B Firmalar İçin', '', '', 0, 'default', '2026-02-27 02:16:27.000', '2026-02-27 02:16:27.000'),
(16, 'home', 'Home', '', '', 0, 'default', '2026-02-27 02:31:39.000', '2026-02-27 02:31:39.000'),
(18, 'egitimler/uretim-sektorunde-buyume-odakli-pazarlama-egitimi', 'Üretim Sektöründe Büyüme Odaklı Pazarlama Eğitimi', '', '', 0, 'default', '2026-02-27 02:46:14.000', '2026-02-27 02:46:14.000'),
(20, 'sektorel-hizmetler/b2b-firmalari-icin-360-pazarlama-yonetimi', 'B2B Firmalar İçin 360° Pazarlama Yönetimi', '', '', 0, 'default', '2026-02-27 02:56:14.000', '2026-02-27 02:56:14.000'),
(23, 'hizmetlerimiz/b2b-email-pazarlama', 'Doğru Kitleye Ulaşın!', '', '', 0, 'default', '2026-03-07 22:34:03.000', '2026-03-07 22:34:03.000');

DROP TABLE IF EXISTS `company_info`;
CREATE TABLE `company_info` (
  `id` int NOT NULL AUTO_INCREMENT,
  `user_id` int NOT NULL,
  `company_name` varchar(255) COLLATE utf8mb4_unicode_ci DEFAULT NULL,
  `tax_number` varchar(50) COLLATE utf8mb4_unicode_ci DEFAULT NULL,
  `company_address` text COLLATE utf8mb4_unicode_ci,
  `company_phone` varchar(20) COLLATE utf8mb4_unicode_ci DEFAULT NULL,
  `created_at` timestamp NULL DEFAULT CURRENT_TIMESTAMP,
  `updated_at` timestamp NULL DEFAULT CURRENT_TIMESTAMP ON UPDATE CURRENT_TIMESTAMP,
  PRIMARY KEY (`id`),
  UNIQUE KEY `user_id` (`user_id`),
  KEY `idx_user_id` (`user_id`),
  CONSTRAINT `company_info_ibfk_1` FOREIGN KEY (`user_id`) REFERENCES `users` (`id`) ON DELETE CASCADE
) ENGINE=InnoDB AUTO_INCREMENT=2 DEFAULT CHARSET=utf8mb4 COLLATE=utf8mb4_unicode_ci;

INSERT INTO `company_info` VALUES
(1, 1, 'Beyincik', '12728177780', 'Dünya', '', '2026-02-03 15:36:15.000', '2026-02-03 23:57:05.000');

DROP TABLE IF EXISTS `consultant_availability`;
CREATE TABLE `consultant_availability` (
  `id` int NOT NULL AUTO_INCREMENT,
  `consultant_id` int NOT NULL,
  `service_id` int DEFAULT NULL,
  `available_date` date NOT NULL,
  `start_time` time NOT NULL,
  `end_time` time NOT NULL,
  `status` enum('available','held','booked') COLLATE utf8mb4_unicode_ci DEFAULT 'available',
  `held_until` timestamp NULL DEFAULT NULL,
  `created_at` timestamp NULL DEFAULT CURRENT_TIMESTAMP,
  PRIMARY KEY (`id`),
  KEY `service_id` (`service_id`),
  KEY `idx_consultant_date` (`consultant_id`,`available_date`),
  KEY `idx_status` (`status`),
  CONSTRAINT `consultant_availability_ibfk_1` FOREIGN KEY (`consultant_id`) REFERENCES `consultants` (`id`) ON DELETE CASCADE,
  CONSTRAINT `consultant_availability_ibfk_2` FOREIGN KEY (`service_id`) REFERENCES `consultant_services` (`id`) ON DELETE SET NULL
) ENGINE=InnoDB AUTO_INCREMENT=9 DEFAULT CHARSET=utf8mb4 COLLATE=utf8mb4_unicode_ci;

INSERT INTO `consultant_availability` VALUES
(2, 1, NULL, '2026-03-20 00:00:00.000', '09:00:00', '10:00:00', 'available', NULL, '2026-03-19 06:19:51.000'),
(4, 1, NULL, '2026-03-19 00:00:00.000', '11:00:00', '12:00:00', 'available', NULL, '2026-03-19 06:33:18.000'),
(6, 1, NULL, '2026-03-19 00:00:00.000', '09:00:00', '10:00:00', 'held', '2026-03-19 06:57:45.000', '2026-03-19 06:33:18.000'),
(7, 1, NULL, '2026-03-22 00:00:00.000', '09:00:00', '10:00:00', 'held', '2026-03-19 06:48:51.000', '2026-03-19 06:33:27.000'),
(8, 1, NULL, '2026-03-27 00:00:00.000', '09:00:00', '10:00:00', 'available', NULL, '2026-03-19 06:33:31.000');

DROP TABLE IF EXISTS `consultant_bookings`;
CREATE TABLE `consultant_bookings` (
  `id` int NOT NULL AUTO_INCREMENT,
  `consultant_id` int NOT NULL,
  `service_id` int NOT NULL,
  `availability_id` int DEFAULT NULL,
  `name` varchar(200) COLLATE utf8mb4_unicode_ci NOT NULL,
  `email` varchar(200) COLLATE utf8mb4_unicode_ci NOT NULL,
  `phone` varchar(50) COLLATE utf8mb4_unicode_ci DEFAULT NULL,
  `company` varchar(200) COLLATE utf8mb4_unicode_ci DEFAULT NULL,
  `topic` text COLLATE utf8mb4_unicode_ci,
  `status` enum('pending','confirmed','cancelled','completed') COLLATE utf8mb4_unicode_ci DEFAULT 'pending',
  `meeting_link` varchar(500) COLLATE utf8mb4_unicode_ci DEFAULT NULL,
  `admin_notes` text COLLATE utf8mb4_unicode_ci,
  `created_at` timestamp NULL DEFAULT CURRENT_TIMESTAMP,
  `updated_at` timestamp NULL DEFAULT CURRENT_TIMESTAMP ON UPDATE CURRENT_TIMESTAMP,
  PRIMARY KEY (`id`),
  KEY `service_id` (`service_id`),
  KEY `availability_id` (`availability_id`),
  KEY `idx_consultant` (`consultant_id`),
  KEY `idx_status` (`status`),
  KEY `idx_email` (`email`),
  CONSTRAINT `consultant_bookings_ibfk_1` FOREIGN KEY (`consultant_id`) REFERENCES `consultants` (`id`),
  CONSTRAINT `consultant_bookings_ibfk_2` FOREIGN KEY (`service_id`) REFERENCES `consultant_services` (`id`),
  CONSTRAINT `consultant_bookings_ibfk_3` FOREIGN KEY (`availability_id`) REFERENCES `consultant_availability` (`id`) ON DELETE SET NULL
) ENGINE=InnoDB AUTO_INCREMENT=5 DEFAULT CHARSET=utf8mb4 COLLATE=utf8mb4_unicode_ci;

INSERT INTO `consultant_bookings` VALUES
(1, 1, 1, NULL, 'Seyid Turgut', 'nurgul.turgut@icloud.com', '+905336746421', 'Siyah Tİlki', 'demo', 'pending', NULL, NULL, '2026-03-19 06:17:20.000', '2026-03-19 06:17:20.000'),
(2, 1, 2, NULL, 'Seyid Turgut', 'nurgul.turgut@icloud.com', '+905336746421', 'Siyah Tİlki', NULL, 'pending', NULL, NULL, '2026-03-19 06:24:27.000', '2026-03-19 06:24:27.000'),
(3, 1, 1, 7, 'Seyid Turgut', 'nurgul.turgut@icloud.com', '+905336746421', 'Siyah Tİlki', NULL, 'pending', NULL, NULL, '2026-03-19 06:33:50.000', '2026-03-19 06:33:50.000'),
(4, 1, 1, 6, 'Seyid Turgut', 'nurgul.turgut@icloud.com', '+905336746421', 'Siyah Tİlki', NULL, 'pending', NULL, NULL, '2026-03-19 06:42:45.000', '2026-03-19 06:42:45.000');

DROP TABLE IF EXISTS `consultant_services`;
CREATE TABLE `consultant_services` (
  `id` int NOT NULL AUTO_INCREMENT,
  `consultant_id` int NOT NULL,
  `category` enum('hizli','strateji','ust_duzey') COLLATE utf8mb4_unicode_ci NOT NULL,
  `parent_service_id` int DEFAULT NULL,
  `title` varchar(300) COLLATE utf8mb4_unicode_ci NOT NULL,
  `title_en` varchar(300) COLLATE utf8mb4_unicode_ci DEFAULT NULL,
  `description` text COLLATE utf8mb4_unicode_ci,
  `description_en` text COLLATE utf8mb4_unicode_ci,
  `scope_items` json DEFAULT NULL COMMENT 'Array of scope bullet points',
  `scope_items_en` json DEFAULT NULL,
  `duration_text` varchar(100) COLLATE utf8mb4_unicode_ci DEFAULT NULL,
  `sessions_text` varchar(100) COLLATE utf8mb4_unicode_ci DEFAULT NULL,
  `price` decimal(12,2) NOT NULL,
  `currency` varchar(3) COLLATE utf8mb4_unicode_ci DEFAULT 'TRY',
  `plus_vat` tinyint(1) DEFAULT '1',
  `cta_text` varchar(100) COLLATE utf8mb4_unicode_ci DEFAULT 'Randevu Al',
  `cta_text_en` varchar(100) COLLATE utf8mb4_unicode_ci DEFAULT 'Book Now',
  `badge_text` varchar(100) COLLATE utf8mb4_unicode_ci DEFAULT NULL,
  `sort_order` int DEFAULT '0',
  `is_active` tinyint(1) DEFAULT '1',
  `created_at` timestamp NULL DEFAULT CURRENT_TIMESTAMP,
  PRIMARY KEY (`id`),
  KEY `parent_service_id` (`parent_service_id`),
  KEY `idx_consultant` (`consultant_id`),
  KEY `idx_category` (`category`),
  CONSTRAINT `consultant_services_ibfk_1` FOREIGN KEY (`consultant_id`) REFERENCES `consultants` (`id`) ON DELETE CASCADE,
  CONSTRAINT `consultant_services_ibfk_2` FOREIGN KEY (`parent_service_id`) REFERENCES `consultant_services` (`id`) ON DELETE SET NULL
) ENGINE=InnoDB AUTO_INCREMENT=7 DEFAULT CHARSET=utf8mb4 COLLATE=utf8mb4_unicode_ci;

INSERT INTO `consultant_services` VALUES
(1, 1, 'hizli', NULL, 'Strategy Mentoring Session', 'Strategy Mentoring Session', '60 Dakikalık Strateji Mentorluk', '60-Minute Strategy Mentoring', 'growth marketing yönlendirmesi', 'müşteri kazanım stratejisi', 'pazarlama yatırımı değerlendirmesi', 'growth marketing guidance', 'customer acquisition strategy', 'marketing investment evaluation', '60 dk', NULL, '20000.00', 'TRY', 1, 'Seans Planla', 'Schedule Session', NULL, 1, 1, '2026-03-19 04:58:58.000'),
(2, 1, 'hizli', NULL, 'Growth Marketing Check-up', 'Growth Marketing Check-up', 'Dijital pazarlama yatırımlarının hızlı analizi.', 'Rapid analysis of your digital marketing investments.', 'reklam performansı analizi', 'CAC ve ROAS değerlendirmesi', 'hızlı aksiyon önerileri', 'ad performance analysis', 'CAC and ROAS evaluation', 'quick action recommendations', '60 dk', 'x3 seans', '150000.00', 'TRY', 1, 'Check-up Başlat', 'Start Check-up', NULL, 2, 1, '2026-03-19 04:58:58.000'),
(3, 1, 'strateji', NULL, 'Executive Strategy Day', 'Executive Strategy Day', 'Üst yönetim ile yapılan stratejik çalışma.', 'Strategic workshop with senior leadership.', 'büyüme stratejisi analizi', 'pazarlama organizasyonu', 'satış–pazarlama entegrasyonu', 'growth strategy analysis', 'marketing organization', 'sales–marketing integration', '1 gün', NULL, '150000.00', 'TRY', 1, 'Strateji Günü Planla', 'Plan Strategy Day', NULL, 3, 1, '2026-03-19 04:58:58.000'),
(4, 1, 'ust_duzey', NULL, 'Fractional CMO Programı', 'Fractional CMO Program', 'Şirketiniz için yarı zamanlı Chief Marketing Officer desteği.', 'Part-time Chief Marketing Officer support for your company.', 'büyüme stratejisi oluşturma', 'pazarlama roadmap yönetimi', 'ekip ve ajans yönlendirmesi', 'yönetim ekibi ile stratejik toplantılar', 'growth strategy development', 'marketing roadmap management', 'team and agency guidance', 'strategic meetings with leadership team', NULL, 'Minimum program: 3 ay', '0.00', 'USD', 0, NULL, NULL, NULL, 4, 1, '2026-03-19 04:58:58.000'),
(5, 1, 'ust_duzey', 4, 'Advisory', 'Advisory', 'Ayda 2 strateji günü', '2 strategy days per month', NULL, NULL, 'Ayda 2 strateji günü', 'Minimum program: 3 ay', '5000.00', 'USD', 0, 'Programı Başlat', 'Start Program', NULL, 5, 1, '2026-03-19 04:58:58.000'),
(6, 1, 'ust_duzey', 4, 'Growth', 'Growth', 'Ayda 4 strateji günü', '4 strategy days per month', NULL, NULL, 'Ayda 4 strateji günü', 'Minimum program: 3 ay', '10000.00', 'USD', 0, 'Programı Başlat', 'Start Program', '⭐ Most Preferred', 6, 1, '2026-03-19 04:58:58.000');

DROP TABLE IF EXISTS `consultants`;
CREATE TABLE `consultants` (
  `id` int NOT NULL AUTO_INCREMENT,
  `slug` varchar(100) COLLATE utf8mb4_unicode_ci NOT NULL,
  `name` varchar(200) COLLATE utf8mb4_unicode_ci NOT NULL,
  `title` varchar(200) COLLATE utf8mb4_unicode_ci DEFAULT NULL,
  `bio` text COLLATE utf8mb4_unicode_ci,
  `photo_url` varchar(500) COLLATE utf8mb4_unicode_ci DEFAULT NULL,
  `stars` decimal(2,1) DEFAULT '5.0',
  `review_count` int DEFAULT '0',
  `sectors` json DEFAULT NULL COMMENT 'Array of sector slugs e.g. ["fintech","filo-kiralama"]',
  `is_active` tinyint(1) DEFAULT '1',
  `created_at` timestamp NULL DEFAULT CURRENT_TIMESTAMP,
  `updated_at` timestamp NULL DEFAULT CURRENT_TIMESTAMP ON UPDATE CURRENT_TIMESTAMP,
  PRIMARY KEY (`id`),
  UNIQUE KEY `slug` (`slug`),
  KEY `idx_slug` (`slug`),
  KEY `idx_active` (`is_active`)
) ENGINE=InnoDB AUTO_INCREMENT=2 DEFAULT CHARSET=utf8mb4 COLLATE=utf8mb4_unicode_ci;

INSERT INTO `consultants` VALUES
(1, 'bora-isik', 'Bora Işık', 'Growth Marketing & Fractional CMO Uzmanı', 'B2B ve B2C pazarlarında 15+ yıl deneyimle büyüme stratejisi, pazarlama organizasyonu ve satış-pazarlama entegrasyonu konularında danışmanlık hizmeti vermektedir. Fintech, ödeme sistemleri, SaaS ve kurumsal sektörlerde ekipleri ve ajansları yönlendirmiştir.', 'https://egirisim.com/wp-content/uploads/2019/12/bora-isik-scaled-e1576484683642-1068x580.jpg', '5.0', 24, 'fintech', 'odeme-sistemleri', 'teknoloji-yazilim', 'b2b', 'filo-kiralama', 'uretim', 'ic-tasarim', 'enerji', 1, '2026-03-19 04:58:58.000', '2026-03-19 06:31:24.000');

DROP TABLE IF EXISTS `order_items`;
CREATE TABLE `order_items` (
  `id` int NOT NULL AUTO_INCREMENT,
  `order_id` int NOT NULL,
  `product_id` int NOT NULL,
  `quantity` int DEFAULT '1',
  `unit_price` decimal(10,2) NOT NULL,
  `total_price` decimal(10,2) NOT NULL,
  `created_at` timestamp NULL DEFAULT CURRENT_TIMESTAMP,
  PRIMARY KEY (`id`),
  KEY `idx_order_id` (`order_id`),
  KEY `idx_product_id` (`product_id`),
  CONSTRAINT `order_items_ibfk_1` FOREIGN KEY (`order_id`) REFERENCES `orders` (`id`) ON DELETE CASCADE,
  CONSTRAINT `order_items_ibfk_2` FOREIGN KEY (`product_id`) REFERENCES `products` (`id`) ON DELETE CASCADE
) ENGINE=InnoDB AUTO_INCREMENT=49 DEFAULT CHARSET=utf8mb4 COLLATE=utf8mb4_unicode_ci;

INSERT INTO `order_items` VALUES
(1, 1, 2, 1, '14900.00', '14900.00', '2026-02-03 15:52:59.000'),
(2, 2, 2, 1, '14900.00', '14900.00', '2026-02-03 15:58:27.000'),
(3, 3, 1, 1, '9900.00', '9900.00', '2026-02-03 16:01:02.000'),
(4, 4, 1, 1, '9900.00', '9900.00', '2026-02-03 19:11:58.000'),
(5, 5, 2, 1, '14900.00', '14900.00', '2026-02-03 23:43:54.000'),
(6, 6, 5, 1, '5000.00', '5000.00', '2026-02-18 13:08:48.000'),
(7, 7, 2, 1, '14900.00', '14900.00', '2026-02-18 13:31:49.000'),
(8, 8, 2, 1, '14900.00', '14900.00', '2026-02-18 13:35:45.000'),
(9, 9, 2, 1, '14900.00', '14900.00', '2026-02-18 13:39:35.000'),
(10, 10, 2, 1, '14900.00', '14900.00', '2026-02-18 13:40:38.000'),
(11, 11, 2, 1, '14900.00', '14900.00', '2026-02-18 13:52:56.000'),
(12, 12, 16, 1, '2000.00', '2000.00', '2026-02-18 13:54:12.000'),
(13, 13, 16, 1, '2000.00', '2000.00', '2026-02-18 13:55:12.000'),
(14, 14, 16, 1, '2000.00', '2000.00', '2026-02-18 13:56:04.000'),
(15, 15, 16, 1, '2000.00', '2000.00', '2026-02-18 13:56:05.000'),
(16, 16, 16, 1, '2000.00', '2000.00', '2026-02-18 13:56:06.000'),
(17, 17, 19, 1, '4000.00', '4000.00', '2026-02-18 13:58:44.000'),
(18, 18, 19, 1, '4000.00', '4000.00', '2026-02-18 14:01:48.000'),
(19, 19, 19, 1, '4000.00', '4000.00', '2026-02-18 14:01:53.000'),
(20, 20, 19, 1, '4000.00', '4000.00', '2026-02-18 14:05:30.000'),
(21, 21, 19, 1, '4000.00', '4000.00', '2026-02-18 14:05:32.000'),
(22, 22, 19, 1, '4000.00', '4000.00', '2026-02-18 14:05:33.000'),
(23, 23, 19, 1, '4000.00', '4000.00', '2026-02-18 14:12:31.000'),
(24, 24, 19, 1, '4000.00', '4000.00', '2026-02-18 14:12:33.000'),
(25, 25, 19, 1, '4000.00', '4000.00', '2026-02-18 14:13:39.000'),
(26, 26, 19, 1, '4000.00', '4000.00', '2026-02-18 14:26:26.000'),
(27, 27, 19, 1, '4000.00', '4000.00', '2026-02-18 14:31:02.000'),
(28, 28, 19, 1, '4000.00', '4000.00', '2026-02-18 14:33:30.000'),
(29, 29, 19, 1, '4000.00', '4000.00', '2026-02-18 14:35:13.000'),
(30, 30, 19, 1, '4000.00', '4000.00', '2026-02-18 14:38:47.000'),
(31, 31, 19, 1, '4000.00', '4000.00', '2026-02-18 14:39:45.000'),
(32, 32, 19, 1, '4000.00', '4000.00', '2026-02-18 14:41:50.000'),
(33, 33, 19, 1, '4000.00', '4000.00', '2026-02-18 14:47:08.000'),
(34, 34, 19, 1, '4000.00', '4000.00', '2026-02-18 14:49:55.000'),
(35, 35, 19, 1, '4000.00', '4000.00', '2026-02-18 15:01:49.000'),
(36, 36, 19, 1, '4000.00', '4000.00', '2026-02-18 15:06:01.000'),
(39, 39, 5, 1, '5000.00', '5000.00', '2026-02-18 15:28:31.000'),
(40, 40, 43, 1, '32000.00', '32000.00', '2026-02-25 05:41:09.000'),
(41, 41, 43, 1, '32000.00', '32000.00', '2026-02-25 05:45:13.000'),
(44, 44, 43, 1, '32000.00', '32000.00', '2026-02-25 05:46:25.000'),
(47, 47, 43, 1, '32000.00', '32000.00', '2026-02-25 05:48:15.000');

DROP TABLE IF EXISTS `orders`;
CREATE TABLE `orders` (
  `id` int NOT NULL AUTO_INCREMENT,
  `user_id` int NOT NULL,
  `order_number` varchar(50) COLLATE utf8mb4_unicode_ci NOT NULL,
  `total_amount` decimal(10,2) NOT NULL,
  `currency` varchar(3) COLLATE utf8mb4_unicode_ci DEFAULT 'TRY',
  `status` enum('pending','processing','completed','failed','cancelled') COLLATE utf8mb4_unicode_ci DEFAULT 'pending',
  `created_at` timestamp NULL DEFAULT CURRENT_TIMESTAMP,
  `updated_at` timestamp NULL DEFAULT CURRENT_TIMESTAMP ON UPDATE CURRENT_TIMESTAMP,
  PRIMARY KEY (`id`),
  UNIQUE KEY `order_number` (`order_number`),
  KEY `idx_user_id` (`user_id`),
  KEY `idx_order_number` (`order_number`),
  KEY `idx_status` (`status`),
  CONSTRAINT `orders_ibfk_1` FOREIGN KEY (`user_id`) REFERENCES `users` (`id`) ON DELETE CASCADE
) ENGINE=InnoDB AUTO_INCREMENT=49 DEFAULT CHARSET=utf8mb4 COLLATE=utf8mb4_unicode_ci;

INSERT INTO `orders` VALUES
(1, 1, 'ORD-1770123179953-1', '14900.00', 'TRY', 'completed', '2026-02-03 15:52:59.000', '2026-02-03 15:52:59.000'),
(2, 1, 'ORD-1770123507463-1', '14900.00', 'TRY', 'completed', '2026-02-03 15:58:27.000', '2026-02-03 15:58:27.000'),
(3, 1, 'ORD-1770123662077-1', '9900.00', 'TRY', 'completed', '2026-02-03 16:01:02.000', '2026-02-03 16:01:02.000'),
(4, 1, 'ORD-1770135118697-1', '9900.00', 'TRY', 'completed', '2026-02-03 19:11:58.000', '2026-02-03 19:11:58.000'),
(5, 1, 'ORD-1770151434541-1', '14900.00', 'TRY', 'completed', '2026-02-03 23:43:54.000', '2026-02-03 23:43:54.000'),
(6, 1, 'ORD-1771409328796-1', '5000.00', 'TRY', 'pending', '2026-02-18 13:08:48.000', '2026-02-18 13:08:48.000'),
(7, 1, 'ORD-1771410709166-1', '14900.00', 'TRY', 'processing', '2026-02-18 13:31:49.000', '2026-02-18 13:31:49.000'),
(8, 1, 'ORD-1771410945755-1', '14900.00', 'TRY', 'processing', '2026-02-18 13:35:45.000', '2026-02-18 13:35:45.000'),
(9, 1, 'ORD-1771411175936-1', '14900.00', 'TRY', 'processing', '2026-02-18 13:39:35.000', '2026-02-18 13:39:35.000'),
(10, 1, 'ORD-1771411238169-1', '14900.00', 'TRY', 'processing', '2026-02-18 13:40:38.000', '2026-02-18 13:40:38.000'),
(11, 1, 'ORD-1771411976913-1', '14900.00', 'TRY', 'processing', '2026-02-18 13:52:56.000', '2026-02-18 13:52:56.000'),
(12, 1, 'ORD-1771412052046-1', '2000.00', 'TRY', 'processing', '2026-02-18 13:54:12.000', '2026-02-18 13:54:12.000'),
(13, 1, 'ORD-1771412112623-1', '2000.00', 'TRY', 'processing', '2026-02-18 13:55:12.000', '2026-02-18 13:55:12.000'),
(14, 1, 'ORD-1771412164003-1', '2000.00', 'TRY', 'processing', '2026-02-18 13:56:04.000', '2026-02-18 13:56:04.000'),
(15, 1, 'ORD-1771412165488-1', '2000.00', 'TRY', 'processing', '2026-02-18 13:56:05.000', '2026-02-18 13:56:05.000'),
(16, 1, 'ORD-1771412166891-1', '2000.00', 'TRY', 'processing', '2026-02-18 13:56:06.000', '2026-02-18 13:56:06.000'),
(17, 1, 'ORD-1771412324936-1', '4000.00', 'TRY', 'processing', '2026-02-18 13:58:44.000', '2026-02-18 13:58:44.000'),
(18, 1, 'ORD-1771412508290-1', '4000.00', 'TRY', 'processing', '2026-02-18 14:01:48.000', '2026-02-18 14:01:48.000'),
(19, 1, 'ORD-1771412513275-1', '4000.00', 'TRY', 'processing', '2026-02-18 14:01:53.000', '2026-02-18 14:01:53.000'),
(20, 1, 'ORD-1771412730667-1', '4000.00', 'TRY', 'processing', '2026-02-18 14:05:30.000', '2026-02-18 14:05:30.000'),
(21, 1, 'ORD-1771412732704-1', '4000.00', 'TRY', 'processing', '2026-02-18 14:05:32.000', '2026-02-18 14:05:32.000'),
(22, 1, 'ORD-1771412733648-1', '4000.00', 'TRY', 'processing', '2026-02-18 14:05:33.000', '2026-02-18 14:05:33.000'),
(23, 1, 'ORD-1771413151424-1', '4000.00', 'TRY', 'processing', '2026-02-18 14:12:31.000', '2026-02-18 14:12:31.000'),
(24, 1, 'ORD-1771413153237-1', '4000.00', 'TRY', 'processing', '2026-02-18 14:12:33.000', '2026-02-18 14:12:33.000'),
(25, 1, 'ORD-1771413219209-1', '4000.00', 'TRY', 'processing', '2026-02-18 14:13:39.000', '2026-02-18 14:13:39.000'),
(26, 1, 'ORD-1771413986702-1', '4000.00', 'TRY', 'processing', '2026-02-18 14:26:26.000', '2026-02-18 14:26:26.000'),
(27, 1, 'ORD-1771414262697-1', '4000.00', 'TRY', 'processing', '2026-02-18 14:31:02.000', '2026-02-18 14:31:02.000'),
(28, 1, 'ORD-1771414410278-1', '4000.00', 'TRY', 'processing', '2026-02-18 14:33:30.000', '2026-02-18 14:33:30.000'),
(29, 1, 'ORD-1771414513178-1', '4000.00', 'TRY', 'processing', '2026-02-18 14:35:13.000', '2026-02-18 14:35:13.000'),
(30, 1, 'ORD-1771414727536-1', '4000.00', 'TRY', 'processing', '2026-02-18 14:38:47.000', '2026-02-18 14:38:47.000'),
(31, 1, 'ORD-1771414785520-1', '4000.00', 'TRY', 'processing', '2026-02-18 14:39:45.000', '2026-02-18 14:39:45.000'),
(32, 1, 'ORD-1771414910851-1', '4000.00', 'TRY', 'processing', '2026-02-18 14:41:50.000', '2026-02-18 14:41:50.000'),
(33, 1, 'ORD-1771415228889-1', '4000.00', 'TRY', 'processing', '2026-02-18 14:47:08.000', '2026-02-18 14:47:08.000'),
(34, 1, 'ORD-1771415395669-1', '4000.00', 'TRY', 'processing', '2026-02-18 14:49:55.000', '2026-02-18 14:49:55.000'),
(35, 1, 'ORD-1771416109113-1', '4000.00', 'TRY', 'pending', '2026-02-18 15:01:49.000', '2026-02-18 15:01:49.000'),
(36, 1, 'ORD-1771416361043-1', '4000.00', 'TRY', 'completed', '2026-02-18 15:06:01.000', '2026-02-18 15:11:12.000'),
(39, 4, 'ORD-1771417711041-4', '5000.00', 'TRY', 'completed', '2026-02-18 15:28:31.000', '2026-02-18 15:28:49.000'),
(40, 4, 'ORD-1771987269-4', '32000.00', 'TRY', 'processing', '2026-02-25 05:41:09.000', '2026-02-25 05:41:09.000'),
(41, 4, 'ORD-1771987513-4', '32000.00', 'TRY', 'processing', '2026-02-25 05:45:13.000', '2026-02-25 05:45:13.000'),
(44, 4, 'ORD-1771987585-4', '32000.00', 'TRY', 'processing', '2026-02-25 05:46:25.000', '2026-02-25 05:46:25.000'),
(47, 4, 'ORD-1771987695-4', '32000.00', 'TRY', 'processing', '2026-02-25 05:48:15.000', '2026-02-25 05:48:15.000');

DROP TABLE IF EXISTS `payments`;
CREATE TABLE `payments` (
  `id` int NOT NULL AUTO_INCREMENT,
  `order_id` int NOT NULL,
  `payment_method` varchar(50) COLLATE utf8mb4_unicode_ci DEFAULT NULL,
  `lidio_transaction_id` varchar(255) COLLATE utf8mb4_unicode_ci DEFAULT NULL,
  `amount` decimal(10,2) NOT NULL,
  `currency` varchar(3) COLLATE utf8mb4_unicode_ci DEFAULT 'TRY',
  `status` enum('pending','success','failed','refunded') COLLATE utf8mb4_unicode_ci DEFAULT 'pending',
  `lidio_response` json DEFAULT NULL,
  `created_at` timestamp NULL DEFAULT CURRENT_TIMESTAMP,
  `updated_at` timestamp NULL DEFAULT CURRENT_TIMESTAMP ON UPDATE CURRENT_TIMESTAMP,
  PRIMARY KEY (`id`),
  KEY `idx_order_id` (`order_id`),
  KEY `idx_status` (`status`),
  CONSTRAINT `payments_ibfk_1` FOREIGN KEY (`order_id`) REFERENCES `orders` (`id`) ON DELETE CASCADE
) ENGINE=InnoDB AUTO_INCREMENT=45 DEFAULT CHARSET=utf8mb4 COLLATE=utf8mb4_unicode_ci;

INSERT INTO `payments` VALUES
(1, 1, 'credit_card', 'TEST-1770123179974', '14900.00', 'TRY', 'success', '[object Object]', '2026-02-03 15:52:59.000', '2026-02-03 15:52:59.000'),
(2, 2, 'credit_card', 'TEST-1770123507476', '14900.00', 'TRY', 'success', '[object Object]', '2026-02-03 15:58:27.000', '2026-02-03 15:58:27.000'),
(3, 3, 'credit_card', 'TEST-1770123662096', '9900.00', 'TRY', 'success', '[object Object]', '2026-02-03 16:01:02.000', '2026-02-03 16:01:02.000'),
(4, 4, 'credit_card', 'TEST-1770135118720', '9900.00', 'TRY', 'success', '[object Object]', '2026-02-03 19:11:58.000', '2026-02-03 19:11:58.000'),
(5, 5, 'credit_card', 'TEST-1770151434570', '14900.00', 'TRY', 'success', '[object Object]', '2026-02-03 23:43:54.000', '2026-02-03 23:43:54.000'),
(6, 7, 'credit_card', NULL, '14900.00', 'TRY', 'pending', '[object Object]', '2026-02-18 13:31:49.000', '2026-02-18 13:31:49.000'),
(7, 8, 'credit_card', NULL, '14900.00', 'TRY', 'pending', '[object Object]', '2026-02-18 13:35:45.000', '2026-02-18 13:35:45.000'),
(8, 9, 'credit_card', NULL, '14900.00', 'TRY', 'pending', '[object Object]', '2026-02-18 13:39:36.000', '2026-02-18 13:39:36.000'),
(9, 10, 'credit_card', NULL, '14900.00', 'TRY', 'pending', '[object Object]', '2026-02-18 13:40:38.000', '2026-02-18 13:40:38.000'),
(10, 11, 'credit_card', NULL, '14900.00', 'TRY', 'pending', '[object Object]', '2026-02-18 13:52:57.000', '2026-02-18 13:52:57.000'),
(11, 12, 'credit_card', NULL, '2000.00', 'TRY', 'pending', '[object Object]', '2026-02-18 13:54:12.000', '2026-02-18 13:54:12.000'),
(12, 13, 'credit_card', NULL, '2000.00', 'TRY', 'pending', '[object Object]', '2026-02-18 13:55:12.000', '2026-02-18 13:55:12.000'),
(13, 14, 'credit_card', NULL, '2000.00', 'TRY', 'pending', '[object Object]', '2026-02-18 13:56:04.000', '2026-02-18 13:56:04.000'),
(14, 15, 'credit_card', NULL, '2000.00', 'TRY', 'pending', '[object Object]', '2026-02-18 13:56:05.000', '2026-02-18 13:56:05.000'),
(15, 16, 'credit_card', NULL, '2000.00', 'TRY', 'pending', '[object Object]', '2026-02-18 13:56:06.000', '2026-02-18 13:56:06.000'),
(16, 17, 'credit_card', NULL, '4000.00', 'TRY', 'pending', '[object Object]', '2026-02-18 13:58:45.000', '2026-02-18 13:58:45.000'),
(17, 18, 'credit_card', NULL, '4000.00', 'TRY', 'pending', '[object Object]', '2026-02-18 14:01:48.000', '2026-02-18 14:01:48.000'),
(18, 19, 'credit_card', NULL, '4000.00', 'TRY', 'pending', '[object Object]', '2026-02-18 14:01:53.000', '2026-02-18 14:01:53.000'),
(19, 20, 'credit_card', NULL, '4000.00', 'TRY', 'pending', '[object Object]', '2026-02-18 14:05:30.000', '2026-02-18 14:05:30.000'),
(20, 21, 'credit_card', NULL, '4000.00', 'TRY', 'pending', '[object Object]', '2026-02-18 14:05:32.000', '2026-02-18 14:05:32.000'),
(21, 22, 'credit_card', NULL, '4000.00', 'TRY', 'pending', '[object Object]', '2026-02-18 14:05:33.000', '2026-02-18 14:05:33.000'),
(22, 23, 'credit_card', NULL, '4000.00', 'TRY', 'pending', '[object Object]', '2026-02-18 14:12:31.000', '2026-02-18 14:12:31.000'),
(23, 24, 'credit_card', NULL, '4000.00', 'TRY', 'pending', '[object Object]', '2026-02-18 14:12:33.000', '2026-02-18 14:12:33.000'),
(24, 25, 'credit_card', NULL, '4000.00', 'TRY', 'pending', '[object Object]', '2026-02-18 14:13:39.000', '2026-02-18 14:13:39.000'),
(25, 26, 'credit_card', NULL, '4000.00', 'TRY', 'pending', '[object Object]', '2026-02-18 14:26:26.000', '2026-02-18 14:26:26.000'),
(26, 27, 'credit_card', NULL, '4000.00', 'TRY', 'pending', '[object Object]', '2026-02-18 14:31:02.000', '2026-02-18 14:31:02.000'),
(27, 28, 'credit_card', NULL, '4000.00', 'TRY', 'pending', '[object Object]', '2026-02-18 14:33:30.000', '2026-02-18 14:33:30.000'),
(28, 29, 'credit_card', NULL, '4000.00', 'TRY', 'pending', '[object Object]', '2026-02-18 14:35:13.000', '2026-02-18 14:35:13.000'),
(29, 30, 'credit_card', NULL, '4000.00', 'TRY', 'pending', '[object Object]', '2026-02-18 14:38:47.000', '2026-02-18 14:38:47.000'),
(30, 31, 'credit_card', NULL, '4000.00', 'TRY', 'pending', '[object Object]', '2026-02-18 14:39:45.000', '2026-02-18 14:39:45.000'),
(31, 32, 'credit_card', NULL, '4000.00', 'TRY', 'pending', '[object Object]', '2026-02-18 14:41:51.000', '2026-02-18 14:41:51.000'),
(32, 33, 'credit_card', NULL, '4000.00', 'TRY', 'pending', '[object Object]', '2026-02-18 14:47:09.000', '2026-02-18 14:47:09.000'),
(33, 34, 'credit_card', NULL, '4000.00', 'TRY', 'pending', '[object Object]', '2026-02-18 14:49:55.000', '2026-02-18 14:49:55.000'),
(34, 36, 'credit_card', NULL, '4000.00', 'TRY', 'success', '[object Object]', '2026-02-18 15:06:01.000', '2026-02-18 15:11:12.000'),
(35, 39, 'credit_card', NULL, '5000.00', 'TRY', 'success', '[object Object]', '2026-02-18 15:28:31.000', '2026-02-18 15:28:49.000'),
(36, 40, 'credit_card', '200719183', '32000.00', 'TRY', 'pending', '[object Object]', '2026-02-25 05:41:09.000', '2026-02-25 05:41:09.000'),
(37, 41, 'credit_card', '200719184', '32000.00', 'TRY', 'pending', '[object Object]', '2026-02-25 05:45:14.000', '2026-02-25 05:45:14.000'),
(40, 44, 'credit_card', '200719185', '32000.00', 'TRY', 'pending', '[object Object]', '2026-02-25 05:46:25.000', '2026-02-25 05:46:25.000'),
(43, 47, 'credit_card', '200719188', '32000.00', 'TRY', 'pending', '[object Object]', '2026-02-25 05:48:15.000', '2026-02-25 05:48:15.000');

DROP TABLE IF EXISTS `products`;
CREATE TABLE `products` (
  `id` int NOT NULL AUTO_INCREMENT,
  `product_key` varchar(100) COLLATE utf8mb4_unicode_ci NOT NULL,
  `slug` varchar(255) COLLATE utf8mb4_unicode_ci DEFAULT NULL,
  `slug_en` varchar(255) COLLATE utf8mb4_unicode_ci DEFAULT NULL,
  `name` varchar(255) COLLATE utf8mb4_unicode_ci NOT NULL,
  `name_en` varchar(255) COLLATE utf8mb4_unicode_ci DEFAULT NULL,
  `description` text COLLATE utf8mb4_unicode_ci,
  `description_en` text COLLATE utf8mb4_unicode_ci,
  `price` decimal(10,2) NOT NULL,
  `currency` varchar(3) COLLATE utf8mb4_unicode_ci DEFAULT 'TRY',
  `category` varchar(50) COLLATE utf8mb4_unicode_ci DEFAULT NULL,
  `is_active` tinyint(1) DEFAULT '1',
  `created_at` timestamp NULL DEFAULT CURRENT_TIMESTAMP,
  `updated_at` timestamp NULL DEFAULT CURRENT_TIMESTAMP ON UPDATE CURRENT_TIMESTAMP,
  `type` enum('service','subscription','video_course','digital_download') COLLATE utf8mb4_unicode_ci DEFAULT 'service',
  `duration_days` int DEFAULT NULL COMMENT 'Duration in days for subscriptions',
  `access_content_url` varchar(255) COLLATE utf8mb4_unicode_ci DEFAULT NULL COMMENT 'URL for digital content or video page',
  `features` text COLLATE utf8mb4_unicode_ci COMMENT 'Ürün özellikleri (satır satır)',
  `features_en` text COLLATE utf8mb4_unicode_ci,
  `parent_id` int DEFAULT NULL,
  `meta_title_en` varchar(255) COLLATE utf8mb4_unicode_ci DEFAULT NULL,
  `meta_description_en` text COLLATE utf8mb4_unicode_ci,
  `hero_vimeo_id_en` varchar(100) COLLATE utf8mb4_unicode_ci DEFAULT NULL,
  `hero_image_en` varchar(255) COLLATE utf8mb4_unicode_ci DEFAULT NULL,
  `meta_title` varchar(255) COLLATE utf8mb4_unicode_ci DEFAULT NULL,
  `meta_description` text COLLATE utf8mb4_unicode_ci,
  `hero_vimeo_id` varchar(255) COLLATE utf8mb4_unicode_ci DEFAULT NULL,
  `hero_image` varchar(255) COLLATE utf8mb4_unicode_ci DEFAULT NULL,
  PRIMARY KEY (`id`),
  UNIQUE KEY `product_key` (`product_key`),
  KEY `idx_product_key` (`product_key`),
  KEY `idx_category` (`category`),
  KEY `idx_parent_id` (`parent_id`),
  CONSTRAINT `fk_parent_id` FOREIGN KEY (`parent_id`) REFERENCES `products` (`id`) ON DELETE CASCADE
) ENGINE=InnoDB AUTO_INCREMENT=233 DEFAULT CHARSET=utf8mb4 COLLATE=utf8mb4_unicode_ci;

INSERT INTO `products` VALUES
(1, 'gtm-core', 'hizmetlerimiz/go-to-market-stratejisi/core', 'services/go-to-market-strategy/core', 'Go To Market - Core', 'Go To Market - Core', 'Pazara hızlı giriş yapmak, temel satış ve değer önerisi oluşturmak isteyen küçük ve orta ölçekli işletmeler için ideal.', 'Accelerate your market entry with data-driven strategies.', '9900.00', 'USD', 'service', 1, '2026-02-03 14:43:01.000', '2026-02-25 04:57:27.000', 'service', NULL, NULL, NULL, NULL, NULL, 'Go To Market Strategy | khilonfast', 'Expert market entry strategies for rapid growth.', NULL, '/images/hizmetlerimiz/go-to-market-stratejisi/hero.png', NULL, NULL, NULL, '/images/hizmetlerimiz/go-to-market-stratejisi/hero.png'),
(2, 'gtm-growth', 'hizmetlerimiz/go-to-market-stratejisi/growth', 'services/go-to-market-strategy/growth', 'Go To Market - Growth', 'Go To Market - Growth', 'Gelişmiş bir dijital, içerik ve pazarlama otomasyonu, satış stratejisi ile büyümeyi hedefleyen orta ölçekli işletmeler için ideal.', '360-degree digital presence management.', '14900.00', 'USD', 'service', 1, '2026-02-03 14:43:01.000', '2026-02-25 04:57:27.000', 'service', NULL, NULL, NULL, NULL, NULL, 'Integrated Digital Marketing | khilonfast', 'Complete digital marketing solutions.', NULL, '/images/hizmetlerimiz/go-to-market-stratejisi/hero.png', NULL, NULL, NULL, '/images/hizmetlerimiz/go-to-market-stratejisi/hero.png'),
(3, 'gtm-ultimate', 'hizmetlerimiz/go-to-market-stratejisi/ultimate', 'services/go-to-market-strategy/ultimate', 'Go To Market - Ultimate', 'Go To Market - Ultimate', 'Kapsamlı strateji, marka kimliği ve satış hunisi tasarımıyla kalıcı rekabet avantajı isteyen firmalar için ideal.', 'AI-powered marketing automation.', '29900.00', 'USD', 'service', 1, '2026-02-03 14:43:01.000', '2026-02-25 04:57:27.000', 'service', NULL, NULL, NULL, NULL, NULL, 'Maestro AI Marketing | khilonfast', 'Revolutionize your marketing with AI.', NULL, '/images/hizmetlerimiz/go-to-market-stratejisi/hero.png', NULL, NULL, NULL, '/images/hizmetlerimiz/go-to-market-stratejisi/hero.png'),
(4, 'b2b-training', 'egitimler/b2b-pazarlama-egitimi', 'trainings/b2b-marketing-training', 'B2B Pazarlama Eğitimi', 'B2B Marketing Training', 'Tüm modüllere ömür boyu erişim ve uygulamalı egzersizler.', 'Personalized customer journeys at scale.', '5000.00', 'TRY', 'training', 1, '2026-02-03 14:43:01.000', '2026-02-25 04:57:27.000', 'service', NULL, NULL, NULL, NULL, NULL, 'Email Automation | khilonfast', 'Drive engagement with smart email campaigns.', NULL, '/hero-image.png', NULL, NULL, NULL, '/hero-image.png'),
(5, 'training-buyume-odakli-pazarlama', 'egitimler/buyume-odakli-pazarlama-egitimi', 'trainings/growth-focused-marketing-training', 'Büyüme Odaklı Pazarlama Eğitimi', 'Growth-Focused Marketing Training', 'khilonfast temel büyüme odaklı pazarlama eğitim programı.', 'khilonfast core training program for growth-focused marketing.', '5000.00', 'TRY', 'egitimler', 1, '2026-02-18 11:30:22.000', '2026-02-25 05:15:47.000', 'video_course', 30, 'https://vimeo.com/1045939223', 'Hedef Kitle ve Segmentasyon\nDeğer Önerisi ve Mesaj Kurgusu\nSatış Hunisi Tasarımı\nÖlçümleme ve Optimizasyon', '10+1 structured training modules\nApplied tasks and practical examples\nSector-specific growth methodology\nPerformance measurement templates\nTeam-ready implementation structure', NULL, 'SEO & Content Strategy | khilonfast', 'Data-backed SEO and content services.', NULL, '/hero-image.png', '', '', NULL, '/hero-image.png'),
(6, 'training-odeme-sistemlerinde-buyume', 'egitimler/odeme-sistemlerinde-buyume-odakli-pazarlama-egitimi', 'trainings/growth-focused-marketing-training-for-payment-systems', 'Ödeme Sistemlerinde Büyüme Odaklı Pazarlama Eğitimi', 'Growth-Focused Marketing Training for Payment Systems', 'Satış hunisi, değer önerisi ve ölçümleme odaklı uygulamalı içerik.', 'Applied curriculum focused on sales funnel design, value proposition, and performance measurement.', '5000.00', 'TRY', 'training', 1, '2026-02-18 11:30:22.000', '2026-02-25 05:15:47.000', 'video_course', NULL, NULL, '10+1 modül eğitim içeriği\nUygulamalı görev ve örnekler\nSektör odaklı büyüme yaklaşımı\nÖlçümleme şablonları\nEkip kullanımına uygun içerik yapısı', '10+1 structured training modules\nApplied tasks and practical examples\nSector-specific growth methodology\nPerformance measurement templates\nTeam-ready implementation structure', NULL, 'Marketing Analytics | khilonfast', 'Professional analytics and reporting.', NULL, '/hero-image.png', NULL, NULL, NULL, '/hero-image.png'),
(7, 'training-b2b-sektorunde-buyume', 'b2b-sektorunde-buyume-odakli-pazarlama-egitimi', 'trainings/growth-focused-marketing-training-for-b2b', 'B2B Sektöründe Büyüme Odaklı Pazarlama Eğitimi', 'Growth-Focused Marketing Training for the B2B Sector', 'B2B firmalar için pazarlama ve satış entegrasyonu eğitim seti.', 'A training set designed to align marketing and sales execution for B2B companies.', '5000.00', 'TRY', 'training', 1, '2026-02-18 11:30:22.000', '2026-02-25 05:15:47.000', 'video_course', NULL, NULL, '10+1 modül eğitim içeriği\nUygulamalı görev ve örnekler\nSektör odaklı büyüme yaklaşımı\nÖlçümleme şablonları\nEkip kullanımına uygun içerik yapısı', '10+1 structured training modules\nApplied tasks and practical examples\nSector-specific growth methodology\nPerformance measurement templates\nTeam-ready implementation structure', NULL, NULL, NULL, NULL, '/hero-image.png', NULL, NULL, NULL, '/hero-image.png'),
(8, 'training-fintech-sektorunde-buyume', 'fintech-sektorunde-buyume-odakli-pazarlama-egitimi', 'trainings/growth-focused-marketing-training-for-fintech', 'Fintech Sektöründe Büyüme Odaklı Pazarlama Eğitimi', 'Growth-Focused Marketing Training for the Fintech Sector', 'Fintech odaklı büyüme stratejileri ve kanal optimizasyonu.', 'Fintech-specific growth strategies and channel optimization framework.', '5000.00', 'TRY', 'training', 1, '2026-02-18 11:30:22.000', '2026-02-25 05:15:47.000', 'video_course', NULL, NULL, '10+1 modül eğitim içeriği\nUygulamalı görev ve örnekler\nSektör odaklı büyüme yaklaşımı\nÖlçümleme şablonları\nEkip kullanımına uygun içerik yapısı', '10+1 structured training modules\nApplied tasks and practical examples\nSector-specific growth methodology\nPerformance measurement templates\nTeam-ready implementation structure', NULL, NULL, NULL, NULL, '/hero-image.png', NULL, NULL, NULL, '/hero-image.png'),
(9, 'training-teknoloji-yazilim-buyume', 'teknoloji-yazilim-sektorunde-buyume-odakli-pazarlama-egitimi', 'trainings/growth-focused-marketing-training-for-technology-and-software', 'Teknoloji & Yazılım Sektöründe Büyüme Odaklı Pazarlama Eğitimi', 'Growth-Focused Marketing Training for Technology and Software', 'SaaS ve teknoloji markaları için performans odaklı eğitim içeriği.', 'Performance-oriented training content tailored for SaaS and technology brands.', '5000.00', 'TRY', 'training', 1, '2026-02-18 11:30:22.000', '2026-02-25 05:15:47.000', 'video_course', NULL, NULL, '10+1 modül eğitim içeriği\nUygulamalı görev ve örnekler\nSektör odaklı büyüme yaklaşımı\nÖlçümleme şablonları\nEkip kullanımına uygun içerik yapısı', '10+1 structured training modules\nApplied tasks and practical examples\nSector-specific growth methodology\nPerformance measurement templates\nTeam-ready implementation structure', NULL, NULL, NULL, NULL, '/hero-image.png', NULL, NULL, NULL, '/hero-image.png'),
(10, 'training-uretim-sektorunde-buyume', 'uretim-sektorunde-buyume-odakli-pazarlama-egitimi', 'trainings/growth-focused-marketing-training-for-manufacturing', 'Üretim Sektöründe Büyüme Odaklı Pazarlama Eğitimi', 'Growth-Focused Marketing Training for the Manufacturing Sector', 'Üretim firmaları için sürdürülebilir talep ve dönüşüm yönetimi.', 'Sustainable demand generation and conversion management for manufacturing companies.', '5000.00', 'TRY', 'training', 1, '2026-02-18 11:30:22.000', '2026-02-25 05:15:47.000', 'video_course', NULL, NULL, '10+1 modül eğitim içeriği\nUygulamalı görev ve örnekler\nSektör odaklı büyüme yaklaşımı\nÖlçümleme şablonları\nEkip kullanımına uygun içerik yapısı', '10+1 structured training modules\nApplied tasks and practical examples\nSector-specific growth methodology\nPerformance measurement templates\nTeam-ready implementation structure', NULL, NULL, NULL, NULL, '/hero-image.png', NULL, NULL, NULL, '/hero-image.png'),
(11, 'training-enerji-sektorunde-buyume', 'enerji-sektorunde-buyume-odakli-pazarlama-egitimi', 'trainings/growth-focused-marketing-training-for-energy', 'Enerji Sektöründe Büyüme Odaklı Pazarlama Eğitimi', 'Growth-Focused Marketing Training for the Energy Sector', 'Enerji sektöründe karar verici odaklı pazarlama planlama yaklaşımı.', 'A decision-maker-centered marketing planning model for energy companies.', '5000.00', 'TRY', 'training', 1, '2026-02-18 11:30:22.000', '2026-02-25 05:15:47.000', 'video_course', NULL, NULL, '10+1 modül eğitim içeriği\nUygulamalı görev ve örnekler\nSektör odaklı büyüme yaklaşımı\nÖlçümleme şablonları\nEkip kullanımına uygun içerik yapısı', '10+1 structured training modules\nApplied tasks and practical examples\nSector-specific growth methodology\nPerformance measurement templates\nTeam-ready implementation structure', NULL, NULL, NULL, NULL, '/hero-image.png', NULL, NULL, NULL, '/hero-image.png'),
(12, 'training-ofis-kurumsal-ic-tasarim-buyume', 'ofis-kurumsal-ic-tasarim-sektorunde-buyume-odakli-pazarlama-egitimi', 'trainings/growth-focused-marketing-training-for-office-and-corporate-interior-design', 'Ofis & Kurumsal İç Tasarım Sektöründe Büyüme Odaklı Pazarlama Eğitimi', 'Growth-Focused Marketing Training for Office and Corporate Interior Design', 'Kurumsal iç tasarım firmaları için tekliften satışa pazarlama modeli.', 'A marketing operating model from proposal to sale for corporate interior design firms.', '5000.00', 'TRY', 'training', 1, '2026-02-18 11:30:22.000', '2026-02-25 05:15:47.000', 'video_course', NULL, NULL, '10+1 modül eğitim içeriği\nUygulamalı görev ve örnekler\nSektör odaklı büyüme yaklaşımı\nÖlçümleme şablonları\nEkip kullanımına uygun içerik yapısı', '10+1 structured training modules\nApplied tasks and practical examples\nSector-specific growth methodology\nPerformance measurement templates\nTeam-ready implementation structure', NULL, NULL, NULL, NULL, '/hero-image.png', NULL, NULL, NULL, '/hero-image.png'),
(13, 'training-filo-kiralama-sektorunde-buyume', 'filo-kiralama-sektorunde-buyume-odakli-pazarlama-egitimi', 'trainings/growth-focused-marketing-training-for-fleet-rental', 'Filo Kiralama Sektöründe Büyüme Odaklı Pazarlama Eğitimi', 'Growth-Focused Marketing Training for the Fleet Rental Sector', 'Filo kiralama firmalarında lead kalitesi ve dönüşüm yönetimi eğitimi.', 'A practical training path for improving lead quality and conversion management in fleet rental businesses.', '5000.00', 'TRY', 'training', 1, '2026-02-18 11:30:22.000', '2026-02-25 05:15:47.000', 'video_course', NULL, NULL, '10+1 modül eğitim içeriği\nUygulamalı görev ve örnekler\nSektör odaklı büyüme yaklaşımı\nÖlçümleme şablonları\nEkip kullanımına uygun içerik yapısı', '10+1 structured training modules\nApplied tasks and practical examples\nSector-specific growth methodology\nPerformance measurement templates\nTeam-ready implementation structure', NULL, NULL, NULL, NULL, '/hero-image.png', NULL, NULL, NULL, '/hero-image.png'),
(14, 'training-endustriyel-gida-sektorunde-buyume', 'endustriyel-gida-sektorunde-buyume-odakli-pazarlama-egitimi', 'trainings/growth-focused-marketing-training-for-industrial-food', 'Endüstriyel Gıda Sektöründe Büyüme Odaklı Pazarlama Eğitimi', 'Growth-Focused Marketing Training for the Industrial Food Sector', 'Endüstriyel gıda sektörüne özel büyüme odaklı pazarlama eğitim akışı.', 'A growth-focused marketing training flow designed for industrial food companies.', '5000.00', 'TRY', 'training', 1, '2026-02-18 11:30:22.000', '2026-02-25 05:15:47.000', 'video_course', NULL, NULL, '10+1 modül eğitim içeriği\nUygulamalı görev ve örnekler\nSektör odaklı büyüme yaklaşımı\nÖlçümleme şablonları\nEkip kullanımına uygun içerik yapısı', '10+1 structured training modules\nApplied tasks and practical examples\nSector-specific growth methodology\nPerformance measurement templates\nTeam-ready implementation structure', NULL, NULL, NULL, NULL, '/hero-image.png', NULL, NULL, NULL, '/hero-image.png'),
(15, 'maestro-kredili', 'urunler/maestro-ai/kredili-maestro', 'products/maestro-ai/credited-maestro', 'Maestro AI - Kredili Maestro', 'Maestro AI - Kredili Maestro', 'B2B sektörüne özel kredili Maestro planı.', 'B2B sektörüne özel kredili Maestro planı.', '1200.00', 'TRY', 'hizmetler', 1, '2026-02-18 12:20:54.000', '2026-03-16 19:22:20.000', 'service', NULL, '/urunler/maestro-ai', 'Orta ölçekli işletmeler için ideal\nDijital pazarlama strateji optimize\nGenişletilmiş raporlama içeriği\nİçerik ve reklam bütçe planlama\nSektörel gelişim takibi', 'Orta ölçekli işletmeler için ideal\nDijital pazarlama strateji optimize\nGenişletilmiş raporlama içeriği\nİçerik ve reklam bütçe planlama\nSektörel gelişim takibi', NULL, NULL, NULL, NULL, '/img/maestro-ai-hero.png', NULL, NULL, NULL, '/img/maestro-ai-hero.png'),
(16, 'maestro-sinirsiz', 'urunler/maestro-ai/sinirsiz-maestro', 'products/maestro-ai/unlimited-maestro', 'Maestro AI - Sınırsız Maestro', 'Maestro AI - Sınırsız Maestro', 'B2B sektörüne özel sınırsız Maestro planı.', 'B2B sektörüne özel sınırsız Maestro planı.', '2000.00', 'TRY', 'hizmetler', 1, '2026-02-18 12:20:54.000', '2026-03-16 19:22:21.000', 'service', NULL, '/urunler/maestro-ai', 'Daha geniş kitlelere ulaşım\nAylık raporlar ve performans izleme\nDijital görünürlük artışı\nGelişmiş strateji yönetimi\nSürekli kampanya optimizasyonu', 'Daha geniş kitlelere ulaşım\nAylık raporlar ve performans izleme\nDijital görünürlük artışı\nGelişmiş strateji yönetimi\nSürekli kampanya optimizasyonu', NULL, NULL, NULL, NULL, '/img/maestro-ai-hero.png', NULL, NULL, NULL, '/img/maestro-ai-hero.png'),
(17, 'eye-starter', 'hizmetler/eye-tracking-reklam-analizi/starter', 'services/eye-tracking-ad-analysis/starter', 'Eye Tracking Reklam Analizi - Starter', 'Eye Tracking Reklam Analizi - Starter', 'Tekli görsel analizi için başlangıç paketi.', 'Tekli görsel analizi için başlangıç paketi.', '1000.00', 'TRY', 'hizmetler', 1, '2026-02-18 12:20:54.000', '2026-03-16 19:22:21.000', 'service', NULL, '/hizmetler/eye-tracking-reklam-analizi', '1 Görsel Analizi\nDetaylı Skor Raporu\nHeatmap Görünümü\nTemel İyileştirme Önerileri', '1 Görsel Analizi\nDetaylı Skor Raporu\nHeatmap Görünümü\nTemel İyileştirme Önerileri', NULL, NULL, NULL, NULL, '/img/eye-tracking-hero.png', NULL, NULL, NULL, '/img/eye-tracking-hero.png'),
(18, 'eye-growth', 'hizmetler/eye-tracking-reklam-analizi/growth', 'services/eye-tracking-ad-analysis/growth', 'Eye Tracking Reklam Analizi - Growth', 'Eye Tracking Reklam Analizi - Growth', 'Düzenli kampanyalar için büyüme paketi.', 'Düzenli kampanyalar için büyüme paketi.', '2700.00', 'TRY', 'hizmetler', 1, '2026-02-18 12:20:54.000', '2026-03-16 19:22:22.000', 'service', NULL, '/hizmetler/eye-tracking-reklam-analizi', '3 Görsel Analizi\nÖncelikli Analiz Sırası\nA/B Test Öncesi Ölçüm\nSektörel Karşılaştırma', '3 Görsel Analizi\nÖncelikli Analiz Sırası\nA/B Test Öncesi Ölçüm\nSektörel Karşılaştırma', NULL, NULL, NULL, NULL, '/img/eye-tracking-hero.png', NULL, NULL, NULL, '/img/eye-tracking-hero.png'),
(19, 'eye-pro', 'hizmetler/eye-tracking-reklam-analizi/pro', 'services/eye-tracking-ad-analysis/pro', 'Eye Tracking Reklam Analizi - Pro', 'Eye Tracking Reklam Analizi - Pro', 'Yoğun kampanyalar için profesyonel paket.', 'Yoğun kampanyalar için profesyonel paket.', '4000.00', 'TRY', 'hizmetler', 1, '2026-02-18 12:20:54.000', '2026-03-16 19:22:22.000', 'service', NULL, '/hizmetler/eye-tracking-reklam-analizi', '5 Görsel Analizi\nGelişmiş ROI Analizi\nStratejik Danışmanlık Desteği\nHızlı Onay Süreci', '5 Görsel Analizi\nGelişmiş ROI Analizi\nStratejik Danışmanlık Desteği\nHızlı Onay Süreci', NULL, NULL, NULL, NULL, '/img/eye-tracking-hero.png', NULL, NULL, NULL, '/img/eye-tracking-hero.png'),
(20, 'service-seo', 'hizmetlerimiz/seo-yonetimi', 'services/seo-management', 'SEO Yönetimi', 'SEO Management', 'Arama motoru optimizasyonu hizmetleri.', 'Arama motoru optimizasyonu hizmetleri.', '0.00', 'TRY', 'hizmetler', 1, '2026-02-25 01:23:24.000', '2026-03-16 19:22:22.000', 'service', NULL, NULL, NULL, NULL, NULL, NULL, NULL, NULL, '/images/hizmetlerimiz/seo-yonetimi/hero.png', NULL, NULL, NULL, '/images/hizmetlerimiz/seo-yonetimi/hero.png'),
(21, 'service-gtm', 'hizmetlerimiz/go-to-market-stratejisi', 'services/go-to-market-strategy', 'Go To Market Stratejisi', 'Go To Market Strategy', 'Pazara giriş stratejisi.', 'Pazara giriş stratejisi.', '0.00', 'USD', 'hizmetler', 1, '2026-02-25 01:23:24.000', '2026-03-16 19:22:23.000', 'service', NULL, NULL, 'a', 'a', NULL, NULL, NULL, NULL, '/images/hizmetlerimiz/go-to-market-stratejisi/hero.png', '', '', NULL, '/images/hizmetlerimiz/go-to-market-stratejisi/hero.png'),
(22, 'service-content-strategy', 'hizmetlerimiz/icerik-stratejisi', 'services/content-strategy', 'İçerik Stratejisi', 'Content Strategy', 'İçerik pazarlama stratejisi.', 'İçerik pazarlama stratejisi.', '80000.00', 'TRY', 'hizmetler', 1, '2026-02-25 01:23:24.000', '2026-03-16 19:22:23.000', 'service', NULL, NULL, NULL, NULL, NULL, NULL, NULL, NULL, '/TR_IcerikStratejisi.avif', NULL, NULL, NULL, '/TR_IcerikStratejisi.avif'),
(23, 'service-integrated-marketing', 'hizmetlerimiz/butunlesik-dijital-pazarlama', 'services/integrated-digital-marketing', 'Bütünleşik Dijital Pazarlama', 'Integrated Digital Marketing', 'Kapsamlı dijital pazarlama.', 'Kapsamlı dijital pazarlama.', '0.00', 'TRY', 'hizmetler', 1, '2026-02-25 01:23:24.000', '2026-03-16 19:22:23.000', 'service', NULL, NULL, NULL, NULL, NULL, NULL, NULL, NULL, '/images/hizmetlerimiz/butunlesik-dijital-pazarlama/hero.avif', NULL, NULL, NULL, '/images/hizmetlerimiz/butunlesik-dijital-pazarlama/hero.avif'),
(24, 'service-google-ads', 'hizmetlerimiz/google-ads', 'services/google-ads', 'Google Ads', 'Google Ads', 'Google reklam yönetimi.', 'Google reklam yönetimi.', '0.00', 'TRY', 'hizmetler', 1, '2026-02-25 01:23:24.000', '2026-03-16 19:22:24.000', 'service', NULL, NULL, NULL, NULL, NULL, NULL, NULL, NULL, '/images/hizmetlerimiz/google-ads/hero.avif', NULL, NULL, NULL, '/images/hizmetlerimiz/google-ads/hero.avif'),
(25, 'service-social-ads', 'hizmetlerimiz/sosyal-medya-reklamciligi', 'services/social-media-advertising', 'Sosyal Medya Reklamcılığı', 'Sosyal Medya Advertising', 'Sosyal medya reklam yönetimi.', 'Sosyal medya reklam yönetimi.', '0.00', 'TRY', 'hizmetler', 1, '2026-02-25 01:23:24.000', '2026-03-16 19:22:24.000', 'service', NULL, NULL, NULL, NULL, NULL, NULL, NULL, NULL, '/images/hizmetlerimiz/sosyal-medya-reklamciligi/hero.png', NULL, NULL, NULL, '/images/hizmetlerimiz/sosyal-medya-reklamciligi/hero.png'),
(26, 'service-content-production', 'hizmetlerimiz/icerik-uretimi', 'services/content-production', 'İçerik Üretimi', 'Content Creation', 'Profesyonel içerik üretimi.', 'Profesyonel içerik üretimi.', '0.00', 'TRY', 'hizmetler', 1, '2026-02-25 01:23:24.000', '2026-03-16 19:22:24.000', 'service', NULL, NULL, NULL, NULL, NULL, NULL, NULL, NULL, '/images/hizmetlerimiz/icerik-uretimi/hero.webp', NULL, NULL, NULL, '/images/hizmetlerimiz/icerik-uretimi/hero.webp'),
(27, 'service-b2b-email', 'hizmetlerimiz/b2b-email-pazarlama', 'services/b2b-email-marketing', 'B2B Email Pazarlama', 'B2B Email Marketing', 'B2B odaklı email pazarlama.', 'B2B odaklı email pazarlama.', '0.00', 'TRY', 'hizmetler', 1, '2026-02-25 01:23:24.000', '2026-03-16 19:22:24.000', 'service', NULL, NULL, NULL, NULL, NULL, NULL, NULL, NULL, '/images/hizmetlerimiz/b2b-email-pazarlama/hero.png', NULL, NULL, NULL, '/images/hizmetlerimiz/b2b-email-pazarlama/hero.png'),
(28, 'service-maestro-ai', 'urunler/maestro-ai', 'products/maestro-ai', 'Maestro AI', 'Maestro AI', 'Yapay zeka destekli pazarlama.', 'AI-powered marketing automation.', '0.00', 'TRY', 'hizmetler', 1, '2026-02-25 01:23:24.000', '2026-02-25 04:56:59.000', 'service', NULL, NULL, NULL, NULL, NULL, 'Maestro AI Marketing | khilonfast', 'Revolutionize your marketing with AI.', '1045939223', '/img/maestro-ai-hero.png', NULL, NULL, '1045939223', '/img/maestro-ai-hero.png'),
(29, 'service-b2b-360', 'sektorel-hizmetler/b2b-firmalari-icin-360-pazarlama-yonetimi', 'sectoral-services/b2b-companies-360-marketing-management', 'B2B Firmaları için 360 Pazarlama Yönetimi', 'B2B Companies 360 Marketing Management', 'Sektör odaklı 360 derece pazarlama.', 'Comprehensive marketing specifically for B2B sectors.', '0.00', 'TRY', 'sektorler', 1, '2026-02-25 01:23:24.000', '2026-02-27 03:41:56.000', 'service', NULL, NULL, NULL, NULL, NULL, 'B2B 360 Marketing | khilonfast', 'Tailored B2B marketing strategies.', NULL, '/b2b2.avif', NULL, NULL, NULL, '/b2b2.avif'),
(30, 'service-payment-systems', 'sektorel-hizmetler/odeme-sistemleri-firmalari-icin-360-pazarlama-yonetimi', 'sectoral-services/payment-systems-companies-360-marketing-management', 'Ödeme Sistemleri Firmaları için 360 Pazarlama Yönetimi', 'Payment Systems Companies 360 Marketing Management', 'Ödeme sistemlerine özel pazarlama.', 'Trust-focused marketing for payment gateways and processors.', '0.00', 'TRY', 'sektorler', 1, '2026-02-25 01:23:24.000', '2026-02-27 03:41:56.000', 'service', NULL, NULL, NULL, NULL, NULL, 'Payment Systems Marketing | khilonfast', 'Marketing for payment providers.', NULL, '/images/sektorel-hizmetler/odeme-sistemleri-pazarlama-yonetimi/hero.avif', NULL, NULL, NULL, '/images/sektorel-hizmetler/odeme-sistemleri-pazarlama-yonetimi/hero.avif'),
(31, 'service-industrial-food', 'sektorel-hizmetler/endustriyel-gida-sef-cozumleri-firmalari-icin-360-pazarlama-yonetimi', 'sectoral-services/industrial-food-and-chef-solutions-companies-360-marketing-management', 'Endüstriyel Gıda Şef Çözümleri Firmaları için 360 Pazarlama Yönetimi', 'Industrial Food and Chef Solutions Companies 360 Marketing Management', 'Gıda sektörüne özel pazarlama.', 'B2B marketing for food industry suppliers.', '0.00', 'TRY', 'sektorler', 1, '2026-02-25 01:23:24.000', '2026-02-27 03:41:56.000', 'service', NULL, NULL, NULL, NULL, NULL, 'Industrial Food Marketing | khilonfast', 'Food industry marketing experts.', NULL, '/images/sektorel-hizmetler/endustriyel-gida-sef-cozumleri-pazarlama-yonetimi/hero.avif', NULL, NULL, NULL, '/images/sektorel-hizmetler/endustriyel-gida-sef-cozumleri-pazarlama-yonetimi/hero.avif'),
(32, 'service-fintech-360', 'sektorel-hizmetler/fintech-firmalari-icin-360-pazarlama-yonetimi', 'sectoral-services/fintech-companies-360-marketing-management', 'Fintech Firmaları için 360 Pazarlama Yönetimi', 'Fintech Companies 360 Marketing Management', 'Fintech dünyasına özel pazarlama.', 'Specialized growth strategies for Financial Technology firms.', '0.00', 'TRY', 'sektorler', 1, '2026-02-25 01:23:24.000', '2026-02-27 03:41:56.000', 'service', NULL, NULL, NULL, NULL, NULL, 'FinTech Marketing Solutions | khilonfast', 'Industry-leading FinTech marketing.', NULL, '/images/sektorel-hizmetler/fintech-360-pazarlama-yonetimi/hero.avif', NULL, NULL, NULL, '/images/sektorel-hizmetler/fintech-360-pazarlama-yonetimi/hero.avif'),
(33, 'service-tech-software', 'sektorel-hizmetler/teknoloji-yazilim-firmalari-icin-360-pazarlama-yonetimi', 'sectoral-services/technology-and-software-companies-360-marketing-management', 'Teknoloji Yazılım Firmaları için 360 Pazarlama Yönetimi', 'Technology and Software Companies 360 Marketing Management', 'Teknoloji ve yazılım firmaları için.', 'Scale your SaaS or software products with expert marketing.', '0.00', 'TRY', 'sektorler', 1, '2026-02-25 01:23:24.000', '2026-02-27 03:41:56.000', 'service', NULL, NULL, NULL, NULL, NULL, 'Tech & Software Marketing | khilonfast', 'Expert marketing for tech companies.', NULL, '/images/sektorel-hizmetler/teknoloji-yazilim-360-pazarlama-yonetimi/hero.avif', NULL, NULL, NULL, '/images/sektorel-hizmetler/teknoloji-yazilim-360-pazarlama-yonetimi/hero.avif'),
(34, 'service-energy', 'sektorel-hizmetler/enerji-firmalari-icin-360-pazarlama-yonetimi', 'sectoral-services/energy-companies-360-marketing-management', 'Enerji Firmaları için 360 Pazarlama Yönetimi', 'Energy Companies 360 Marketing Management', 'Enerji sektörüne özel pazarlama.', 'High-impact marketing for energy companies.', '0.00', 'TRY', 'sektorler', 1, '2026-02-25 01:23:24.000', '2026-02-27 03:41:56.000', 'service', NULL, NULL, NULL, NULL, NULL, 'Energy Marketing Solutions | khilonfast', 'Strategies for the energy sector.', NULL, '/images/sektorel-hizmetler/enerji-firmalari-360-pazarlama-yonetimi/hero.avif', NULL, NULL, NULL, '/images/sektorel-hizmetler/enerji-firmalari-360-pazarlama-yonetimi/hero.avif'),
(35, 'service-interior-design', 'sektorel-hizmetler/ofis-kurumsal-ic-tasarim-firmalari-icin-360-pazarlama-yonetimi', 'sectoral-services/office-and-corporate-interior-design-companies-360-marketing-management', 'Ofis Kurumsal İç Tasarım Firmaları için 360 Pazarlama Yönetimi', 'Office and Corporate Interior Design Companies 360 Marketing Management', 'İç tasarım firmalarına özel.', 'Visual-led marketing for corporate design and architecture.', '0.00', 'TRY', 'sektorler', 1, '2026-02-25 01:23:24.000', '2026-02-27 03:41:56.000', 'service', NULL, NULL, NULL, NULL, NULL, 'Interior Design Marketing | khilonfast', 'Design and architecture marketing.', NULL, '/images/sektorel-hizmetler/ofis-kurumsal-ic-tasarim-360-pazarlama-yonetimi/hero.avif', NULL, NULL, NULL, '/images/sektorel-hizmetler/ofis-kurumsal-ic-tasarim-360-pazarlama-yonetimi/hero.avif'),
(36, 'service-fleet-rental', 'sektorel-hizmetler/filo-kiralama-firmalari-icin-360-pazarlama-yonetimi', 'sectoral-services/fleet-rental-companies-360-marketing-management', 'Filo Kiralama Firmaları için 360 Pazarlama Yönetimi', 'Fleet Rental Companies 360 Marketing Management', 'Filo kiralama sektörüne özel.', 'Direct-to-consumer and B2B strategies for fleet rental.', '0.00', 'TRY', 'sektorler', 1, '2026-02-25 01:23:24.000', '2026-02-27 03:41:56.000', 'service', NULL, NULL, NULL, NULL, NULL, 'Fleet Rental Marketing | khilonfast', 'Growth for rental businesses.', NULL, '/images/sektorel-hizmetler/filo-kiralama-firmalari-360-pazarlama-yonetimi/hero.avif', NULL, NULL, NULL, '/images/sektorel-hizmetler/filo-kiralama-firmalari-360-pazarlama-yonetimi/hero.avif'),
(37, 'service-manufacturing', 'sektorel-hizmetler/uretim-firmalari-icin-360-pazarlama-yonetimi', 'sectoral-services/manufacturing-companies-360-marketing-management', 'Üretim Firmaları için 360 Pazarlama Yönetimi', 'Manufacturing Companies 360 Marketing Management', 'Üretim sektörüne özel pazarlama.', 'Marketing that speaks the language of industry and manufacturing.', '0.00', 'TRY', 'sektorler', 1, '2026-02-25 01:23:24.000', '2026-02-27 03:41:56.000', 'service', NULL, NULL, NULL, NULL, NULL, 'Manufacturing Marketing | khilonfast', 'B2B marketing for manufacturers.', NULL, '/images/sektorel-hizmetler/uretim-sektoru-firmalari-360-pazarlama-yonetimi/hero.avif', NULL, NULL, NULL, '/images/sektorel-hizmetler/uretim-sektoru-firmalari-360-pazarlama-yonetimi/hero.avif'),
(38, 'service-b2b-email-core', 'hizmetlerimiz/b2b-email-pazarlama/core', 'services/b2b-email-marketing/core', 'B2B Email Pazarlama - Core', 'B2B Email Marketing - Core', '', NULL, '18000.00', 'TRY', 'hizmetler', 1, '2026-02-25 01:23:24.000', '2026-03-07 22:24:52.000', 'service', NULL, NULL, '', NULL, 27, NULL, NULL, NULL, '/images/hizmetlerimiz/b2b-email-pazarlama/hero.png', NULL, NULL, NULL, '/images/hizmetlerimiz/b2b-email-pazarlama/hero.png'),
(39, 'service-content-production-core', 'hizmetlerimiz/icerik-uretimi/core', 'services/content-production/core', 'İçerik Üretimi - Core', 'Content Creation - Core', '', NULL, '19000.00', 'TRY', 'hizmetler', 1, '2026-02-25 01:23:24.000', '2026-03-07 22:03:13.000', 'service', NULL, NULL, '', NULL, 26, NULL, NULL, NULL, '/images/hizmetlerimiz/icerik-uretimi/hero.webp', NULL, NULL, NULL, '/images/hizmetlerimiz/icerik-uretimi/hero.webp'),
(41, 'service-google-ads-core', 'hizmetlerimiz/google-ads/core', 'services/google-ads/core', 'Google Ads - Core', 'Google Ads - Core', NULL, NULL, '32000.00', 'TRY', 'hizmetler', 1, '2026-02-25 01:23:24.000', '2026-02-25 04:56:59.000', 'service', NULL, NULL, NULL, NULL, 24, NULL, NULL, NULL, '/images/hizmetlerimiz/google-ads/hero.avif', NULL, NULL, NULL, '/images/hizmetlerimiz/google-ads/hero.avif'),
(42, 'service-integrated-marketing-core', 'hizmetlerimiz/butunlesik-dijital-pazarlama/core', 'services/integrated-digital-marketing/core', 'Bütünleşik Dijital Pazarlama - Core', 'Integrated Digital Marketing - Core', '', NULL, '99000.00', 'TRY', 'hizmetler', 1, '2026-02-25 01:23:24.000', '2026-03-07 16:29:17.000', 'service', NULL, NULL, '', NULL, 23, NULL, NULL, NULL, '/images/hizmetlerimiz/butunlesik-dijital-pazarlama/hero.avif', NULL, NULL, NULL, '/images/hizmetlerimiz/butunlesik-dijital-pazarlama/hero.avif'),
(43, 'service-maestro-ai-core', 'urunler/maestro-ai/core', 'products/maestro-ai/core', 'Maestro AI - Core', 'Maestro AI - Core', NULL, NULL, '32000.00', 'TRY', 'hizmetler', 1, '2026-02-25 01:23:24.000', '2026-02-25 04:56:59.000', 'service', NULL, NULL, NULL, NULL, 28, NULL, NULL, '1045939223', '/img/maestro-ai-hero.png', NULL, NULL, '1045939223', '/img/maestro-ai-hero.png'),
(44, 'service-seo-core', 'hizmetlerimiz/seo-yonetimi/core', 'services/seo-management/core', 'SEO Yönetimi - Core', 'SEO Management - Core', '', '', '33000.00', 'TRY', 'hizmetler', 1, '2026-02-25 01:23:24.000', '2026-02-27 03:57:32.000', 'service', NULL, NULL, '', '', 20, '', '', NULL, '/images/hizmetlerimiz/seo-yonetimi/hero.png', '', '', NULL, '/images/hizmetlerimiz/seo-yonetimi/hero.png'),
(45, 'service-social-ads-core', 'hizmetlerimiz/sosyal-medya-reklamciligi/core', 'services/social-media-advertising/core', 'Sosyal Medya Reklamcılığı - Core', 'Sosyal Medya Advertising - Core', NULL, NULL, '32000.00', 'TRY', 'hizmetler', 1, '2026-02-25 01:23:24.000', '2026-02-25 04:56:59.000', 'service', NULL, NULL, NULL, NULL, 25, NULL, NULL, NULL, '/images/hizmetlerimiz/sosyal-medya-reklamciligi/hero.png', NULL, NULL, NULL, '/images/hizmetlerimiz/sosyal-medya-reklamciligi/hero.png'),
(53, 'service-b2b-email-growth', 'hizmetlerimiz/b2b-email-pazarlama/growth', 'services/b2b-email-marketing/growth', 'B2B Email Pazarlama - Growth', 'B2B Email Marketing - Growth', '', NULL, '25000.00', 'TRY', 'hizmetler', 1, '2026-02-25 01:23:24.000', '2026-03-07 22:25:08.000', 'service', NULL, NULL, '', NULL, 27, NULL, NULL, NULL, '/images/hizmetlerimiz/b2b-email-pazarlama/hero.png', NULL, NULL, NULL, '/images/hizmetlerimiz/b2b-email-pazarlama/hero.png'),
(54, 'service-content-production-growth', 'hizmetlerimiz/icerik-uretimi/growth', 'services/content-production/growth', 'İçerik Üretimi - Growth', 'Content Creation - Growth', '', NULL, '29000.00', 'TRY', 'hizmetler', 1, '2026-02-25 01:23:24.000', '2026-03-07 22:03:29.000', 'service', NULL, NULL, '', NULL, 26, NULL, NULL, NULL, '/images/hizmetlerimiz/icerik-uretimi/hero.webp', NULL, NULL, NULL, '/images/hizmetlerimiz/icerik-uretimi/hero.webp'),
(56, 'service-google-ads-growth', 'hizmetlerimiz/google-ads/growth', 'services/google-ads/growth', 'Google Ads - Growth', 'Google Ads - Growth', NULL, NULL, '48000.00', 'TRY', 'hizmetler', 1, '2026-02-25 01:23:24.000', '2026-02-25 04:56:59.000', 'service', NULL, NULL, NULL, NULL, 24, NULL, NULL, NULL, '/images/hizmetlerimiz/google-ads/hero.avif', NULL, NULL, NULL, '/images/hizmetlerimiz/google-ads/hero.avif'),
(57, 'service-integrated-marketing-growth', 'hizmetlerimiz/butunlesik-dijital-pazarlama/growth', 'services/integrated-digital-marketing/growth', 'Bütünleşik Dijital Pazarlama - Growth', 'Integrated Digital Marketing - Growth', '', NULL, '149000.00', 'TRY', 'hizmetler', 1, '2026-02-25 01:23:24.000', '2026-03-07 16:29:54.000', 'service', NULL, NULL, '', NULL, 23, NULL, NULL, NULL, '/images/hizmetlerimiz/butunlesik-dijital-pazarlama/hero.avif', NULL, NULL, NULL, '/images/hizmetlerimiz/butunlesik-dijital-pazarlama/hero.avif'),
(58, 'service-maestro-ai-growth', 'urunler/maestro-ai/growth', 'products/maestro-ai/growth', 'Maestro AI - Growth', 'Maestro AI - Growth', NULL, NULL, '48000.00', 'TRY', 'hizmetler', 1, '2026-02-25 01:23:24.000', '2026-02-25 04:56:59.000', 'service', NULL, NULL, NULL, NULL, 28, NULL, NULL, '1045939223', '/img/maestro-ai-hero.png', NULL, NULL, '1045939223', '/img/maestro-ai-hero.png'),
(59, 'service-seo-growth', 'hizmetlerimiz/seo-yonetimi/growth', 'services/seo-management/growth', 'SEO Yönetimi - Growth', 'SEO Management - Growth', NULL, NULL, '48000.00', 'TRY', 'hizmetler', 1, '2026-02-25 01:23:24.000', '2026-02-25 04:56:59.000', 'service', NULL, NULL, NULL, NULL, 20, NULL, NULL, NULL, '/images/hizmetlerimiz/seo-yonetimi/hero.png', NULL, NULL, NULL, '/images/hizmetlerimiz/seo-yonetimi/hero.png'),
(60, 'service-social-ads-growth', 'hizmetlerimiz/sosyal-medya-reklamciligi/growth', 'services/social-media-advertising/growth', 'Sosyal Medya Reklamcılığı - Growth', 'Sosyal Medya Advertising - Growth', NULL, NULL, '48000.00', 'TRY', 'hizmetler', 1, '2026-02-25 01:23:24.000', '2026-02-25 04:56:59.000', 'service', NULL, NULL, NULL, NULL, 25, NULL, NULL, NULL, '/images/hizmetlerimiz/sosyal-medya-reklamciligi/hero.png', NULL, NULL, NULL, '/images/hizmetlerimiz/sosyal-medya-reklamciligi/hero.png'),
(68, 'service-b2b-email-ultimate', 'hizmetlerimiz/b2b-email-pazarlama/ultimate', 'services/b2b-email-marketing/ultimate', 'B2B Email Pazarlama - Ultimate', 'B2B Email Marketing - Ultimate', '', NULL, '39000.00', 'TRY', 'hizmetler', 1, '2026-02-25 01:23:24.000', '2026-03-07 22:25:47.000', 'service', NULL, NULL, '', NULL, 27, NULL, NULL, NULL, '/images/hizmetlerimiz/b2b-email-pazarlama/hero.png', NULL, NULL, NULL, '/images/hizmetlerimiz/b2b-email-pazarlama/hero.png'),
(69, 'service-content-production-ultimate', 'hizmetlerimiz/icerik-uretimi/ultimate', 'services/content-production/ultimate', 'İçerik Üretimi - Ultimate', 'Content Creation - Ultimate', '', NULL, '49000.00', 'TRY', 'hizmetler', 1, '2026-02-25 01:23:24.000', '2026-03-07 22:03:45.000', 'service', NULL, NULL, '', NULL, 26, NULL, NULL, NULL, '/images/hizmetlerimiz/icerik-uretimi/hero.webp', NULL, NULL, NULL, '/images/hizmetlerimiz/icerik-uretimi/hero.webp'),
(71, 'service-google-ads-ultimate', 'hizmetlerimiz/google-ads/ultimate', 'services/google-ads/ultimate', 'Google Ads - Ultimate', 'Google Ads - Ultimate', NULL, NULL, '85000.00', 'TRY', 'hizmetler', 1, '2026-02-25 01:23:24.000', '2026-02-25 04:56:59.000', 'service', NULL, NULL, NULL, NULL, 24, NULL, NULL, NULL, '/images/hizmetlerimiz/google-ads/hero.avif', NULL, NULL, NULL, '/images/hizmetlerimiz/google-ads/hero.avif'),
(72, 'service-integrated-marketing-ultimate', 'hizmetlerimiz/butunlesik-dijital-pazarlama/ultimate', 'services/integrated-digital-marketing/ultimate', 'Bütünleşik Dijital Pazarlama - Ultimate', 'Integrated Digital Marketing - Ultimate', '', NULL, '319000.00', 'TRY', 'hizmetler', 1, '2026-02-25 01:23:24.000', '2026-03-07 16:30:09.000', 'service', NULL, NULL, '', NULL, 23, NULL, NULL, NULL, '/images/hizmetlerimiz/butunlesik-dijital-pazarlama/hero.avif', NULL, NULL, NULL, '/images/hizmetlerimiz/butunlesik-dijital-pazarlama/hero.avif'),
(73, 'service-maestro-ai-ultimate', 'urunler/maestro-ai/ultimate', 'products/maestro-ai/ultimate', 'Maestro AI - Ultimate', 'Maestro AI - Ultimate', NULL, NULL, '85000.00', 'TRY', 'hizmetler', 1, '2026-02-25 01:23:24.000', '2026-02-25 04:56:59.000', 'service', NULL, NULL, NULL, NULL, 28, NULL, NULL, '1045939223', '/img/maestro-ai-hero.png', NULL, NULL, '1045939223', '/img/maestro-ai-hero.png'),
(74, 'service-seo-ultimate', 'hizmetlerimiz/seo-yonetimi/ultimate', 'services/seo-management/ultimate', 'SEO Yönetimi - Ultimate', 'SEO Management - Ultimate', NULL, NULL, '85000.00', 'TRY', 'hizmetler', 1, '2026-02-25 01:23:24.000', '2026-02-25 04:56:59.000', 'service', NULL, NULL, NULL, NULL, 20, NULL, NULL, NULL, '/images/hizmetlerimiz/seo-yonetimi/hero.png', NULL, NULL, NULL, '/images/hizmetlerimiz/seo-yonetimi/hero.png'),
(75, 'service-social-ads-ultimate', 'hizmetlerimiz/sosyal-medya-reklamciligi/ultimate', 'services/social-media-advertising/ultimate', 'Sosyal Medya Reklamcılığı - Ultimate', 'Sosyal Medya Advertising - Ultimate', NULL, NULL, '85000.00', 'TRY', 'hizmetler', 1, '2026-02-25 01:23:24.000', '2026-02-25 04:56:59.000', 'service', NULL, NULL, NULL, NULL, 25, NULL, NULL, NULL, '/images/hizmetlerimiz/sosyal-medya-reklamciligi/hero.png', NULL, NULL, NULL, '/images/hizmetlerimiz/sosyal-medya-reklamciligi/hero.png'),
(83, 'service-gtm-core', 'hizmetlerimiz/go-to-market-stratejisi/core-2', 'services/go-to-market-strategy/core-2', 'Go To Market Stratejisi - Core', 'Go To Market Stratejisi - Core', NULL, NULL, '9900.00', 'USD', 'hizmetler', 1, '2026-02-25 01:23:24.000', '2026-02-25 04:56:59.000', 'service', NULL, NULL, NULL, NULL, 21, NULL, NULL, NULL, '/images/hizmetlerimiz/go-to-market-stratejisi/hero.png', NULL, NULL, NULL, '/images/hizmetlerimiz/go-to-market-stratejisi/hero.png'),
(84, 'service-gtm-growth', 'hizmetlerimiz/go-to-market-stratejisi/growth-2', 'services/go-to-market-strategy/growth-2', 'Go To Market Stratejisi - Growth', 'Go To Market Stratejisi - Growth', NULL, NULL, '14900.00', 'USD', 'hizmetler', 1, '2026-02-25 01:23:24.000', '2026-02-25 04:56:59.000', 'service', NULL, NULL, NULL, NULL, 21, NULL, NULL, NULL, '/images/hizmetlerimiz/go-to-market-stratejisi/hero.png', NULL, NULL, NULL, '/images/hizmetlerimiz/go-to-market-stratejisi/hero.png'),
(85, 'service-gtm-ultimate', 'hizmetlerimiz/go-to-market-stratejisi/ultimate-2', 'services/go-to-market-strategy/ultimate-2', 'Go To Market Stratejisi - Ultimate', 'Go To Market Stratejisi - Ultimate', NULL, NULL, '29900.00', 'USD', 'hizmetler', 1, '2026-02-25 01:23:24.000', '2026-02-25 04:56:59.000', 'service', NULL, NULL, NULL, NULL, 21, NULL, NULL, NULL, '/images/hizmetlerimiz/go-to-market-stratejisi/hero.png', NULL, NULL, NULL, '/images/hizmetlerimiz/go-to-market-stratejisi/hero.png'),
(86, 'service-b2b-360-core', 'sektorel-hizmetler/b2b-firmalari-icin-360-pazarlama-yonetimi/core', 'sectoral-services/b2b-companies-360-marketing-management/core', 'B2B Firmaları için 360 Pazarlama Yönetimi - Core', 'B2B Companies 360 Marketing Management - Core', '', '', '33000.00', 'TRY', 'sektorler', 1, '2026-02-25 01:23:24.000', '2026-02-27 03:57:00.000', 'service', NULL, NULL, '', '', 29, '', '', NULL, '/b2b2.avif', '', '', NULL, '/b2b2.avif'),
(87, 'service-payment-systems-core', 'sektorel-hizmetler/odeme-sistemleri-firmalari-icin-360-pazarlama-yonetimi/core', 'sectoral-services/payment-systems-companies-360-marketing-management/core', 'Ödeme Sistemleri Firmaları için 360 Pazarlama Yönetimi - Core', 'Ödeme Sistemleri Marketing Management - Core', NULL, NULL, '32000.00', 'TRY', 'sektorler', 1, '2026-02-25 01:23:24.000', '2026-02-27 03:41:56.000', 'service', NULL, NULL, NULL, NULL, 30, NULL, NULL, NULL, '/images/sektorel-hizmetler/odeme-sistemleri-pazarlama-yonetimi/hero.avif', NULL, NULL, NULL, '/images/sektorel-hizmetler/odeme-sistemleri-pazarlama-yonetimi/hero.avif'),
(88, 'service-industrial-food-core', 'sektorel-hizmetler/endustriyel-gida-sef-cozumleri-firmalari-icin-360-pazarlama-yonetimi/core', 'sectoral-services/industrial-food-and-chef-solutions-companies-360-marketing-management/core', 'Endüstriyel Gıda Şef Çözümleri Firmaları için 360 Pazarlama Yönetimi - Core', 'Endüstriyel Gıda Şef Çözümleri Marketing - Core', NULL, NULL, '32000.00', 'TRY', 'sektorler', 1, '2026-02-25 01:23:24.000', '2026-02-27 03:41:56.000', 'service', NULL, NULL, NULL, NULL, 31, NULL, NULL, NULL, '/images/sektorel-hizmetler/endustriyel-gida-sef-cozumleri-pazarlama-yonetimi/hero.avif', NULL, NULL, NULL, '/images/sektorel-hizmetler/endustriyel-gida-sef-cozumleri-pazarlama-yonetimi/hero.avif'),
(89, 'service-fintech-360-core', 'sektorel-hizmetler/fintech-firmalari-icin-360-pazarlama-yonetimi/core', 'sectoral-services/fintech-companies-360-marketing-management/core', 'Fintech Firmaları için 360 Pazarlama Yönetimi - Core', 'Fintech 360 Marketing Management - Core', NULL, NULL, '32000.00', 'TRY', 'sektorler', 1, '2026-02-25 01:23:24.000', '2026-02-27 03:41:56.000', 'service', NULL, NULL, NULL, NULL, 32, NULL, NULL, NULL, '/images/sektorel-hizmetler/fintech-360-pazarlama-yonetimi/hero.avif', NULL, NULL, NULL, '/images/sektorel-hizmetler/fintech-360-pazarlama-yonetimi/hero.avif'),
(90, 'service-tech-software-core', 'sektorel-hizmetler/teknoloji-yazilim-firmalari-icin-360-pazarlama-yonetimi/core', 'sectoral-services/technology-and-software-companies-360-marketing-management/core', 'Teknoloji Yazılım Firmaları için 360 Pazarlama Yönetimi - Core', 'Teknoloji Yazılım 360 Marketing - Core', NULL, NULL, '32000.00', 'TRY', 'sektorler', 1, '2026-02-25 01:23:24.000', '2026-02-27 03:41:56.000', 'service', NULL, NULL, NULL, NULL, 33, NULL, NULL, NULL, '/images/sektorel-hizmetler/teknoloji-yazilim-360-pazarlama-yonetimi/hero.avif', NULL, NULL, NULL, '/images/sektorel-hizmetler/teknoloji-yazilim-360-pazarlama-yonetimi/hero.avif'),
(91, 'service-energy-core', 'sektorel-hizmetler/enerji-firmalari-icin-360-pazarlama-yonetimi/core', 'sectoral-services/energy-companies-360-marketing-management/core', 'Enerji Firmaları için 360 Pazarlama Yönetimi - Core', 'Enerji Firmaları 360 Marketing - Core', NULL, NULL, '32000.00', 'TRY', 'sektorler', 1, '2026-02-25 01:23:24.000', '2026-02-27 03:41:56.000', 'service', NULL, NULL, NULL, NULL, 34, NULL, NULL, NULL, '/images/sektorel-hizmetler/enerji-firmalari-360-pazarlama-yonetimi/hero.avif', NULL, NULL, NULL, '/images/sektorel-hizmetler/enerji-firmalari-360-pazarlama-yonetimi/hero.avif'),
(92, 'service-interior-design-core', 'sektorel-hizmetler/ofis-kurumsal-ic-tasarim-firmalari-icin-360-pazarlama-yonetimi/core', 'sectoral-services/office-and-corporate-interior-design-companies-360-marketing-management/core', 'Ofis Kurumsal İç Tasarım Firmaları için 360 Pazarlama Yönetimi - Core', 'Ofis Kurumsal İç Tasarım 360 Marketing - Core', NULL, NULL, '32000.00', 'TRY', 'sektorler', 1, '2026-02-25 01:23:24.000', '2026-02-27 03:41:56.000', 'service', NULL, NULL, NULL, NULL, 35, NULL, NULL, NULL, '/images/sektorel-hizmetler/ofis-kurumsal-ic-tasarim-360-pazarlama-yonetimi/hero.avif', NULL, NULL, NULL, '/images/sektorel-hizmetler/ofis-kurumsal-ic-tasarim-360-pazarlama-yonetimi/hero.avif'),
(93, 'service-fleet-rental-core', 'sektorel-hizmetler/filo-kiralama-firmalari-icin-360-pazarlama-yonetimi/core', 'sectoral-services/fleet-rental-companies-360-marketing-management/core', 'Filo Kiralama Firmaları için 360 Pazarlama Yönetimi - Core', 'Filo Kiralama Firmaları 360 Marketing - Core', NULL, NULL, '32000.00', 'TRY', 'sektorler', 1, '2026-02-25 01:23:24.000', '2026-02-27 03:41:56.000', 'service', NULL, NULL, NULL, NULL, 36, NULL, NULL, NULL, '/images/sektorel-hizmetler/filo-kiralama-firmalari-360-pazarlama-yonetimi/hero.avif', NULL, NULL, NULL, '/images/sektorel-hizmetler/filo-kiralama-firmalari-360-pazarlama-yonetimi/hero.avif'),
(94, 'service-manufacturing-core', 'sektorel-hizmetler/uretim-firmalari-icin-360-pazarlama-yonetimi/core', 'sectoral-services/manufacturing-companies-360-marketing-management/core', 'Üretim Firmaları için 360 Pazarlama Yönetimi - Core', 'Üretim Sektörü Firmaları 360 Marketing - Core', NULL, NULL, '32000.00', 'TRY', 'sektorler', 1, '2026-02-25 01:23:24.000', '2026-02-27 03:41:56.000', 'service', NULL, NULL, NULL, NULL, 37, NULL, NULL, NULL, '/images/sektorel-hizmetler/uretim-sektoru-firmalari-360-pazarlama-yonetimi/hero.avif', NULL, NULL, NULL, '/images/sektorel-hizmetler/uretim-sektoru-firmalari-360-pazarlama-yonetimi/hero.avif'),
(101, 'service-b2b-360-growth', 'sektorel-hizmetler/b2b-firmalari-icin-360-pazarlama-yonetimi/growth', 'sectoral-services/b2b-companies-360-marketing-management/growth', 'B2B Firmaları için 360 Pazarlama Yönetimi - Growth', 'B2B Companies 360 Marketing Management - Growth', NULL, NULL, '48000.00', 'TRY', 'sektorler', 1, '2026-02-25 01:23:24.000', '2026-02-27 03:41:56.000', 'service', NULL, NULL, NULL, NULL, 29, NULL, NULL, NULL, '/b2b2.avif', NULL, NULL, NULL, '/b2b2.avif'),
(102, 'service-payment-systems-growth', 'sektorel-hizmetler/odeme-sistemleri-firmalari-icin-360-pazarlama-yonetimi/growth', 'sectoral-services/payment-systems-companies-360-marketing-management/growth', 'Ödeme Sistemleri Firmaları için 360 Pazarlama Yönetimi - Growth', 'Ödeme Sistemleri Marketing Management - Growth', NULL, NULL, '48000.00', 'TRY', 'sektorler', 1, '2026-02-25 01:23:24.000', '2026-02-27 03:41:56.000', 'service', NULL, NULL, NULL, NULL, 30, NULL, NULL, NULL, '/images/sektorel-hizmetler/odeme-sistemleri-pazarlama-yonetimi/hero.avif', NULL, NULL, NULL, '/images/sektorel-hizmetler/odeme-sistemleri-pazarlama-yonetimi/hero.avif'),
(103, 'service-industrial-food-growth', 'sektorel-hizmetler/endustriyel-gida-sef-cozumleri-firmalari-icin-360-pazarlama-yonetimi/growth', 'sectoral-services/industrial-food-and-chef-solutions-companies-360-marketing-management/growth', 'Endüstriyel Gıda Şef Çözümleri Firmaları için 360 Pazarlama Yönetimi - Growth', 'Endüstriyel Gıda Şef Çözümleri Marketing - Growth', NULL, NULL, '48000.00', 'TRY', 'sektorler', 1, '2026-02-25 01:23:24.000', '2026-02-27 03:41:56.000', 'service', NULL, NULL, NULL, NULL, 31, NULL, NULL, NULL, '/images/sektorel-hizmetler/endustriyel-gida-sef-cozumleri-pazarlama-yonetimi/hero.avif', NULL, NULL, NULL, '/images/sektorel-hizmetler/endustriyel-gida-sef-cozumleri-pazarlama-yonetimi/hero.avif'),
(104, 'service-fintech-360-growth', 'sektorel-hizmetler/fintech-firmalari-icin-360-pazarlama-yonetimi/growth', 'sectoral-services/fintech-companies-360-marketing-management/growth', 'Fintech Firmaları için 360 Pazarlama Yönetimi - Growth', 'Fintech 360 Marketing Management - Growth', NULL, NULL, '48000.00', 'TRY', 'sektorler', 1, '2026-02-25 01:23:24.000', '2026-02-27 03:41:56.000', 'service', NULL, NULL, NULL, NULL, 32, NULL, NULL, NULL, '/images/sektorel-hizmetler/fintech-360-pazarlama-yonetimi/hero.avif', NULL, NULL, NULL, '/images/sektorel-hizmetler/fintech-360-pazarlama-yonetimi/hero.avif'),
(105, 'service-tech-software-growth', 'sektorel-hizmetler/teknoloji-yazilim-firmalari-icin-360-pazarlama-yonetimi/growth', 'sectoral-services/technology-and-software-companies-360-marketing-management/growth', 'Teknoloji Yazılım Firmaları için 360 Pazarlama Yönetimi - Growth', 'Teknoloji Yazılım 360 Marketing - Growth', NULL, NULL, '48000.00', 'TRY', 'sektorler', 1, '2026-02-25 01:23:24.000', '2026-02-27 03:41:56.000', 'service', NULL, NULL, NULL, NULL, 33, NULL, NULL, NULL, '/images/sektorel-hizmetler/teknoloji-yazilim-360-pazarlama-yonetimi/hero.avif', NULL, NULL, NULL, '/images/sektorel-hizmetler/teknoloji-yazilim-360-pazarlama-yonetimi/hero.avif'),
(106, 'service-energy-growth', 'sektorel-hizmetler/enerji-firmalari-icin-360-pazarlama-yonetimi/growth', 'sectoral-services/energy-companies-360-marketing-management/growth', 'Enerji Firmaları için 360 Pazarlama Yönetimi - Growth', 'Enerji Firmaları 360 Marketing - Growth', NULL, NULL, '48000.00', 'TRY', 'sektorler', 1, '2026-02-25 01:23:24.000', '2026-02-27 03:41:56.000', 'service', NULL, NULL, NULL, NULL, 34, NULL, NULL, NULL, '/images/sektorel-hizmetler/enerji-firmalari-360-pazarlama-yonetimi/hero.avif', NULL, NULL, NULL, '/images/sektorel-hizmetler/enerji-firmalari-360-pazarlama-yonetimi/hero.avif'),
(107, 'service-interior-design-growth', 'sektorel-hizmetler/ofis-kurumsal-ic-tasarim-firmalari-icin-360-pazarlama-yonetimi/growth', 'sectoral-services/office-and-corporate-interior-design-companies-360-marketing-management/growth', 'Ofis Kurumsal İç Tasarım Firmaları için 360 Pazarlama Yönetimi - Growth', 'Ofis Kurumsal İç Tasarım 360 Marketing - Growth', NULL, NULL, '48000.00', 'TRY', 'sektorler', 1, '2026-02-25 01:23:24.000', '2026-02-27 03:41:56.000', 'service', NULL, NULL, NULL, NULL, 35, NULL, NULL, NULL, '/images/sektorel-hizmetler/ofis-kurumsal-ic-tasarim-360-pazarlama-yonetimi/hero.avif', NULL, NULL, NULL, '/images/sektorel-hizmetler/ofis-kurumsal-ic-tasarim-360-pazarlama-yonetimi/hero.avif'),
(108, 'service-fleet-rental-growth', 'sektorel-hizmetler/filo-kiralama-firmalari-icin-360-pazarlama-yonetimi/growth', 'sectoral-services/fleet-rental-companies-360-marketing-management/growth', 'Filo Kiralama Firmaları için 360 Pazarlama Yönetimi - Growth', 'Filo Kiralama Firmaları 360 Marketing - Growth', NULL, NULL, '48000.00', 'TRY', 'sektorler', 1, '2026-02-25 01:23:24.000', '2026-02-27 03:41:56.000', 'service', NULL, NULL, NULL, NULL, 36, NULL, NULL, NULL, '/images/sektorel-hizmetler/filo-kiralama-firmalari-360-pazarlama-yonetimi/hero.avif', NULL, NULL, NULL, '/images/sektorel-hizmetler/filo-kiralama-firmalari-360-pazarlama-yonetimi/hero.avif'),
(109, 'service-manufacturing-growth', 'sektorel-hizmetler/uretim-firmalari-icin-360-pazarlama-yonetimi/growth', 'sectoral-services/manufacturing-companies-360-marketing-management/growth', 'Üretim Firmaları için 360 Pazarlama Yönetimi - Growth', 'Üretim Sektörü Firmaları 360 Marketing - Growth', NULL, NULL, '48000.00', 'TRY', 'sektorler', 1, '2026-02-25 01:23:24.000', '2026-02-27 03:41:56.000', 'service', NULL, NULL, NULL, NULL, 37, NULL, NULL, NULL, '/images/sektorel-hizmetler/uretim-sektoru-firmalari-360-pazarlama-yonetimi/hero.avif', NULL, NULL, NULL, '/images/sektorel-hizmetler/uretim-sektoru-firmalari-360-pazarlama-yonetimi/hero.avif'),
(110, 'service-b2b-360-core-growth', 'sektorel-hizmetler/b2b-firmalari-icin-360-pazarlama-yonetimi/core/growth', 'sectoral-services/b2b-companies-360-marketing-management/core/growth', 'B2B Firmaları için 360 Pazarlama Yönetimi - Core - Growth', 'B2B Companies 360 Marketing Management - Core - Growth', NULL, 'Comprehensive marketing specifically for B2B sectors.', '48000.00', 'TRY', 'sektorler', 1, '2026-02-25 01:23:24.000', '2026-02-27 03:41:56.000', 'service', NULL, NULL, NULL, NULL, 86, 'B2B 360 Marketing | khilonfast', 'Tailored B2B marketing strategies.', NULL, NULL, NULL, NULL, NULL, NULL),
(111, 'service-payment-systems-core-growth', 'sektorel-hizmetler/odeme-sistemleri-firmalari-icin-360-pazarlama-yonetimi/core/growth', 'sectoral-services/payment-systems-companies-360-marketing-management/core/growth', 'Ödeme Sistemleri Firmaları için 360 Pazarlama Yönetimi - Core - Growth', 'Ödeme Sistemleri Marketing Management - Core - Growth', NULL, 'Specialized growth strategies for Financial Technology firms.', '48000.00', 'TRY', 'sektorler', 1, '2026-02-25 01:23:24.000', '2026-02-27 03:41:56.000', 'service', NULL, NULL, NULL, NULL, 87, 'FinTech Marketing Solutions | khilonfast', 'Industry-leading FinTech marketing.', NULL, NULL, NULL, NULL, NULL, NULL),
(112, 'service-industrial-food-core-growth', 'sektorel-hizmetler/endustriyel-gida-sef-cozumleri-firmalari-icin-360-pazarlama-yonetimi/core/growth', 'sectoral-services/industrial-food-and-chef-solutions-companies-360-marketing-management/core/growth', 'Endüstriyel Gıda Şef Çözümleri Firmaları için 360 Pazarlama Yönetimi - Core - Growth', 'Endüstriyel Gıda Şef Çözümleri Marketing - Core - Growth', NULL, 'Scale your SaaS or software products with expert marketing.', '48000.00', 'TRY', 'sektorler', 1, '2026-02-25 01:23:24.000', '2026-02-27 03:41:56.000', 'service', NULL, NULL, NULL, NULL, 88, 'Tech & Software Marketing | khilonfast', 'Expert marketing for tech companies.', NULL, NULL, NULL, NULL, NULL, NULL),
(113, 'service-fintech-360-core-growth', 'sektorel-hizmetler/fintech-firmalari-icin-360-pazarlama-yonetimi/core/growth', 'sectoral-services/fintech-companies-360-marketing-management/core/growth', 'Fintech Firmaları için 360 Pazarlama Yönetimi - Core - Growth', 'Fintech 360 Marketing Management - Core - Growth', NULL, 'High-impact marketing for energy companies.', '48000.00', 'TRY', 'sektorler', 1, '2026-02-25 01:23:24.000', '2026-02-27 03:41:56.000', 'service', NULL, NULL, NULL, NULL, 89, 'Energy Marketing Solutions | khilonfast', 'Strategies for the energy sector.', NULL, NULL, NULL, NULL, NULL, NULL),
(114, 'service-tech-software-core-growth', 'sektorel-hizmetler/teknoloji-yazilim-firmalari-icin-360-pazarlama-yonetimi/core/growth', 'sectoral-services/technology-and-software-companies-360-marketing-management/core/growth', 'Teknoloji Yazılım Firmaları için 360 Pazarlama Yönetimi - Core - Growth', 'Teknoloji Yazılım 360 Marketing - Core - Growth', NULL, 'Direct-to-consumer and B2B strategies for fleet rental.', '48000.00', 'TRY', 'sektorler', 1, '2026-02-25 01:23:24.000', '2026-02-27 03:41:56.000', 'service', NULL, NULL, NULL, NULL, 90, 'Fleet Rental Marketing | khilonfast', 'Growth for rental businesses.', NULL, NULL, NULL, NULL, NULL, NULL),
(115, 'service-energy-core-growth', 'sektorel-hizmetler/enerji-firmalari-icin-360-pazarlama-yonetimi/core/growth', 'sectoral-services/energy-companies-360-marketing-management/core/growth', 'Enerji Firmaları için 360 Pazarlama Yönetimi - Core - Growth', 'Enerji Firmaları 360 Marketing - Core - Growth', NULL, 'B2B marketing for food industry suppliers.', '48000.00', 'TRY', 'sektorler', 1, '2026-02-25 01:23:24.000', '2026-02-27 03:41:56.000', 'service', NULL, NULL, NULL, NULL, 91, 'Industrial Food Marketing | khilonfast', 'Food industry marketing experts.', NULL, NULL, NULL, NULL, NULL, NULL),
(116, 'service-interior-design-core-growth', 'sektorel-hizmetler/ofis-kurumsal-ic-tasarim-firmalari-icin-360-pazarlama-yonetimi/core/growth', 'sectoral-services/office-and-corporate-interior-design-companies-360-marketing-management/core/growth', 'Ofis Kurumsal İç Tasarım Firmaları için 360 Pazarlama Yönetimi - Core - Growth', 'Ofis Kurumsal İç Tasarım 360 Marketing - Core - Growth', NULL, 'Marketing that speaks the language of industry and manufacturing.', '48000.00', 'TRY', 'sektorler', 1, '2026-02-25 01:23:24.000', '2026-02-27 03:41:56.000', 'service', NULL, NULL, NULL, NULL, 92, 'Manufacturing Marketing | khilonfast', 'B2B marketing for manufacturers.', NULL, NULL, NULL, NULL, NULL, NULL),
(117, 'service-fleet-rental-core-growth', 'sektorel-hizmetler/filo-kiralama-firmalari-icin-360-pazarlama-yonetimi/core/growth', 'sectoral-services/fleet-rental-companies-360-marketing-management/core/growth', 'Filo Kiralama Firmaları için 360 Pazarlama Yönetimi - Core - Growth', 'Filo Kiralama Firmaları 360 Marketing - Core - Growth', NULL, 'Visual-led marketing for corporate design and architecture.', '48000.00', 'TRY', 'sektorler', 1, '2026-02-25 01:23:24.000', '2026-02-27 03:41:56.000', 'service', NULL, NULL, NULL, NULL, 93, 'Interior Design Marketing | khilonfast', 'Design and architecture marketing.', NULL, NULL, NULL, NULL, NULL, NULL),
(118, 'service-manufacturing-core-growth', 'sektorel-hizmetler/uretim-firmalari-icin-360-pazarlama-yonetimi/core/growth', 'sectoral-services/manufacturing-companies-360-marketing-management/core/growth', 'Üretim Firmaları için 360 Pazarlama Yönetimi - Core - Growth', 'Üretim Sektörü Firmaları 360 Marketing - Core - Growth', NULL, 'Trust-focused marketing for payment gateways and processors.', '48000.00', 'TRY', 'sektorler', 1, '2026-02-25 01:23:24.000', '2026-02-27 03:41:56.000', 'service', NULL, NULL, NULL, NULL, 94, 'Payment Systems Marketing | khilonfast', 'Marketing for payment providers.', NULL, NULL, NULL, NULL, NULL, NULL),
(132, 'service-b2b-360-ultimate', 'sektorel-hizmetler/b2b-firmalari-icin-360-pazarlama-yonetimi/ultimate', 'sectoral-services/b2b-companies-360-marketing-management/ultimate', 'B2B Firmaları için 360 Pazarlama Yönetimi - Ultimate', 'B2B Companies 360 Marketing Management - Ultimate', NULL, NULL, '85000.00', 'TRY', 'sektorler', 1, '2026-02-25 01:23:24.000', '2026-02-27 03:41:56.000', 'service', NULL, NULL, NULL, NULL, 29, NULL, NULL, NULL, '/b2b2.avif', NULL, NULL, NULL, '/b2b2.avif'),
(133, 'service-payment-systems-ultimate', 'sektorel-hizmetler/odeme-sistemleri-firmalari-icin-360-pazarlama-yonetimi/ultimate', 'sectoral-services/payment-systems-companies-360-marketing-management/ultimate', 'Ödeme Sistemleri Firmaları için 360 Pazarlama Yönetimi - Ultimate', 'Ödeme Sistemleri Marketing Management - Ultimate', NULL, NULL, '85000.00', 'TRY', 'sektorler', 1, '2026-02-25 01:23:24.000', '2026-02-27 03:41:56.000', 'service', NULL, NULL, NULL, NULL, 30, NULL, NULL, NULL, '/images/sektorel-hizmetler/odeme-sistemleri-pazarlama-yonetimi/hero.avif', NULL, NULL, NULL, '/images/sektorel-hizmetler/odeme-sistemleri-pazarlama-yonetimi/hero.avif'),
(134, 'service-industrial-food-ultimate', 'sektorel-hizmetler/endustriyel-gida-sef-cozumleri-firmalari-icin-360-pazarlama-yonetimi/ultimate', 'sectoral-services/industrial-food-and-chef-solutions-companies-360-marketing-management/ultimate', 'Endüstriyel Gıda Şef Çözümleri Firmaları için 360 Pazarlama Yönetimi - Ultimate', 'Endüstriyel Gıda Şef Çözümleri Marketing - Ultimate', NULL, NULL, '85000.00', 'TRY', 'sektorler', 1, '2026-02-25 01:23:24.000', '2026-02-27 03:41:56.000', 'service', NULL, NULL, NULL, NULL, 31, NULL, NULL, NULL, '/images/sektorel-hizmetler/endustriyel-gida-sef-cozumleri-pazarlama-yonetimi/hero.avif', NULL, NULL, NULL, '/images/sektorel-hizmetler/endustriyel-gida-sef-cozumleri-pazarlama-yonetimi/hero.avif'),
(135, 'service-fintech-360-ultimate', 'sektorel-hizmetler/fintech-firmalari-icin-360-pazarlama-yonetimi/ultimate', 'sectoral-services/fintech-companies-360-marketing-management/ultimate', 'Fintech Firmaları için 360 Pazarlama Yönetimi - Ultimate', 'Fintech 360 Marketing Management - Ultimate', NULL, NULL, '85000.00', 'TRY', 'sektorler', 1, '2026-02-25 01:23:24.000', '2026-02-27 03:41:56.000', 'service', NULL, NULL, NULL, NULL, 32, NULL, NULL, NULL, '/images/sektorel-hizmetler/fintech-360-pazarlama-yonetimi/hero.avif', NULL, NULL, NULL, '/images/sektorel-hizmetler/fintech-360-pazarlama-yonetimi/hero.avif'),
(136, 'service-tech-software-ultimate', 'sektorel-hizmetler/teknoloji-yazilim-firmalari-icin-360-pazarlama-yonetimi/ultimate', 'sectoral-services/technology-and-software-companies-360-marketing-management/ultimate', 'Teknoloji Yazılım Firmaları için 360 Pazarlama Yönetimi - Ultimate', 'Teknoloji Yazılım 360 Marketing - Ultimate', NULL, NULL, '85000.00', 'TRY', 'sektorler', 1, '2026-02-25 01:23:24.000', '2026-02-27 03:41:56.000', 'service', NULL, NULL, NULL, NULL, 33, NULL, NULL, NULL, '/images/sektorel-hizmetler/teknoloji-yazilim-360-pazarlama-yonetimi/hero.avif', NULL, NULL, NULL, '/images/sektorel-hizmetler/teknoloji-yazilim-360-pazarlama-yonetimi/hero.avif'),
(137, 'service-energy-ultimate', 'sektorel-hizmetler/enerji-firmalari-icin-360-pazarlama-yonetimi/ultimate', 'sectoral-services/energy-companies-360-marketing-management/ultimate', 'Enerji Firmaları için 360 Pazarlama Yönetimi - Ultimate', 'Enerji Firmaları 360 Marketing - Ultimate', NULL, NULL, '85000.00', 'TRY', 'sektorler', 1, '2026-02-25 01:23:24.000', '2026-02-27 03:41:56.000', 'service', NULL, NULL, NULL, NULL, 34, NULL, NULL, NULL, '/images/sektorel-hizmetler/enerji-firmalari-360-pazarlama-yonetimi/hero.avif', NULL, NULL, NULL, '/images/sektorel-hizmetler/enerji-firmalari-360-pazarlama-yonetimi/hero.avif'),
(138, 'service-interior-design-ultimate', 'sektorel-hizmetler/ofis-kurumsal-ic-tasarim-firmalari-icin-360-pazarlama-yonetimi/ultimate', 'sectoral-services/office-and-corporate-interior-design-companies-360-marketing-management/ultimate', 'Ofis Kurumsal İç Tasarım Firmaları için 360 Pazarlama Yönetimi - Ultimate', 'Ofis Kurumsal İç Tasarım 360 Marketing - Ultimate', NULL, NULL, '85000.00', 'TRY', 'sektorler', 1, '2026-02-25 01:23:24.000', '2026-02-27 03:41:56.000', 'service', NULL, NULL, NULL, NULL, 35, NULL, NULL, NULL, '/images/sektorel-hizmetler/ofis-kurumsal-ic-tasarim-360-pazarlama-yonetimi/hero.avif', NULL, NULL, NULL, '/images/sektorel-hizmetler/ofis-kurumsal-ic-tasarim-360-pazarlama-yonetimi/hero.avif'),
(139, 'service-fleet-rental-ultimate', 'sektorel-hizmetler/filo-kiralama-firmalari-icin-360-pazarlama-yonetimi/ultimate', 'sectoral-services/fleet-rental-companies-360-marketing-management/ultimate', 'Filo Kiralama Firmaları için 360 Pazarlama Yönetimi - Ultimate', 'Filo Kiralama Firmaları 360 Marketing - Ultimate', NULL, NULL, '85000.00', 'TRY', 'sektorler', 1, '2026-02-25 01:23:24.000', '2026-02-27 03:41:56.000', 'service', NULL, NULL, NULL, NULL, 36, NULL, NULL, NULL, '/images/sektorel-hizmetler/filo-kiralama-firmalari-360-pazarlama-yonetimi/hero.avif', NULL, NULL, NULL, '/images/sektorel-hizmetler/filo-kiralama-firmalari-360-pazarlama-yonetimi/hero.avif'),
(140, 'service-manufacturing-ultimate', 'sektorel-hizmetler/uretim-firmalari-icin-360-pazarlama-yonetimi/ultimate', 'sectoral-services/manufacturing-companies-360-marketing-management/ultimate', 'Üretim Firmaları için 360 Pazarlama Yönetimi - Ultimate', 'Üretim Sektörü Firmaları 360 Marketing - Ultimate', NULL, NULL, '85000.00', 'TRY', 'sektorler', 1, '2026-02-25 01:23:24.000', '2026-02-27 03:41:56.000', 'service', NULL, NULL, NULL, NULL, 37, NULL, NULL, NULL, '/images/sektorel-hizmetler/uretim-sektoru-firmalari-360-pazarlama-yonetimi/hero.avif', NULL, NULL, NULL, '/images/sektorel-hizmetler/uretim-sektoru-firmalari-360-pazarlama-yonetimi/hero.avif'),
(141, 'service-b2b-360-core-ultimate', 'sektorel-hizmetler/b2b-firmalari-icin-360-pazarlama-yonetimi/core/ultimate', 'sectoral-services/b2b-companies-360-marketing-management/core/ultimate', 'B2B Firmaları için 360 Pazarlama Yönetimi - Core - Ultimate', 'B2B Companies 360 Marketing Management - Core - Ultimate', NULL, NULL, '85000.00', 'TRY', 'sektorler', 1, '2026-02-25 01:23:24.000', '2026-02-27 03:41:56.000', 'service', NULL, NULL, NULL, NULL, 86, NULL, NULL, NULL, NULL, NULL, NULL, NULL, NULL),
(142, 'service-payment-systems-core-ultimate', 'sektorel-hizmetler/odeme-sistemleri-firmalari-icin-360-pazarlama-yonetimi/core/ultimate', 'sectoral-services/payment-systems-companies-360-marketing-management/core/ultimate', 'Ödeme Sistemleri Firmaları için 360 Pazarlama Yönetimi - Core - Ultimate', 'Ödeme Sistemleri Marketing Management - Core - Ultimate', NULL, NULL, '85000.00', 'TRY', 'sektorler', 1, '2026-02-25 01:23:24.000', '2026-02-27 03:41:56.000', 'service', NULL, NULL, NULL, NULL, 87, NULL, NULL, NULL, NULL, NULL, NULL, NULL, NULL),
(143, 'service-industrial-food-core-ultimate', 'sektorel-hizmetler/endustriyel-gida-sef-cozumleri-firmalari-icin-360-pazarlama-yonetimi/core/ultimate', 'sectoral-services/industrial-food-and-chef-solutions-companies-360-marketing-management/core/ultimate', 'Endüstriyel Gıda Şef Çözümleri Firmaları için 360 Pazarlama Yönetimi - Core - Ultimate', 'Endüstriyel Gıda Şef Çözümleri Marketing - Core - Ultimate', NULL, NULL, '85000.00', 'TRY', 'sektorler', 1, '2026-02-25 01:23:24.000', '2026-02-27 03:41:56.000', 'service', NULL, NULL, NULL, NULL, 88, NULL, NULL, NULL, NULL, NULL, NULL, NULL, NULL),
(144, 'service-fintech-360-core-ultimate', 'sektorel-hizmetler/fintech-firmalari-icin-360-pazarlama-yonetimi/core/ultimate', 'sectoral-services/fintech-companies-360-marketing-management/core/ultimate', 'Fintech Firmaları için 360 Pazarlama Yönetimi - Core - Ultimate', 'Fintech 360 Marketing Management - Core - Ultimate', NULL, NULL, '85000.00', 'TRY', 'sektorler', 1, '2026-02-25 01:23:24.000', '2026-02-27 03:41:56.000', 'service', NULL, NULL, NULL, NULL, 89, NULL, NULL, NULL, NULL, NULL, NULL, NULL, NULL),
(145, 'service-tech-software-core-ultimate', 'sektorel-hizmetler/teknoloji-yazilim-firmalari-icin-360-pazarlama-yonetimi/core/ultimate', 'sectoral-services/technology-and-software-companies-360-marketing-management/core/ultimate', 'Teknoloji Yazılım Firmaları için 360 Pazarlama Yönetimi - Core - Ultimate', 'Teknoloji Yazılım 360 Marketing - Core - Ultimate', NULL, NULL, '85000.00', 'TRY', 'sektorler', 1, '2026-02-25 01:23:24.000', '2026-02-27 03:41:56.000', 'service', NULL, NULL, NULL, NULL, 90, NULL, NULL, NULL, NULL, NULL, NULL, NULL, NULL),
(146, 'service-energy-core-ultimate', 'sektorel-hizmetler/enerji-firmalari-icin-360-pazarlama-yonetimi/core/ultimate', 'sectoral-services/energy-companies-360-marketing-management/core/ultimate', 'Enerji Firmaları için 360 Pazarlama Yönetimi - Core - Ultimate', 'Enerji Firmaları 360 Marketing - Core - Ultimate', NULL, NULL, '85000.00', 'TRY', 'sektorler', 1, '2026-02-25 01:23:24.000', '2026-02-27 03:41:56.000', 'service', NULL, NULL, NULL, NULL, 91, NULL, NULL, NULL, NULL, NULL, NULL, NULL, NULL),
(147, 'service-interior-design-core-ultimate', 'sektorel-hizmetler/ofis-kurumsal-ic-tasarim-firmalari-icin-360-pazarlama-yonetimi/core/ultimate', 'sectoral-services/office-and-corporate-interior-design-companies-360-marketing-management/core/ultimate', 'Ofis Kurumsal İç Tasarım Firmaları için 360 Pazarlama Yönetimi - Core - Ultimate', 'Ofis Kurumsal İç Tasarım 360 Marketing - Core - Ultimate', NULL, NULL, '85000.00', 'TRY', 'sektorler', 1, '2026-02-25 01:23:24.000', '2026-02-27 03:41:56.000', 'service', NULL, NULL, NULL, NULL, 92, NULL, NULL, NULL, NULL, NULL, NULL, NULL, NULL),
(148, 'service-fleet-rental-core-ultimate', 'sektorel-hizmetler/filo-kiralama-firmalari-icin-360-pazarlama-yonetimi/core/ultimate', 'sectoral-services/fleet-rental-companies-360-marketing-management/core/ultimate', 'Filo Kiralama Firmaları için 360 Pazarlama Yönetimi - Core - Ultimate', 'Filo Kiralama Firmaları 360 Marketing - Core - Ultimate', NULL, NULL, '85000.00', 'TRY', 'sektorler', 1, '2026-02-25 01:23:24.000', '2026-02-27 03:41:56.000', 'service', NULL, NULL, NULL, NULL, 93, NULL, NULL, NULL, NULL, NULL, NULL, NULL, NULL),
(149, 'service-manufacturing-core-ultimate', 'sektorel-hizmetler/uretim-firmalari-icin-360-pazarlama-yonetimi/core/ultimate', 'sectoral-services/manufacturing-companies-360-marketing-management/core/ultimate', 'Üretim Firmaları için 360 Pazarlama Yönetimi - Core - Ultimate', 'Üretim Sektörü Firmaları 360 Marketing - Core - Ultimate', NULL, NULL, '85000.00', 'TRY', 'sektorler', 1, '2026-02-25 01:23:24.000', '2026-02-27 03:41:56.000', 'service', NULL, NULL, NULL, NULL, 94, NULL, NULL, NULL, NULL, NULL, NULL, NULL, NULL),
(150, 'service-b2b-360-growth-ultimate', 'sektorel-hizmetler/b2b-firmalari-icin-360-pazarlama-yonetimi/growth/ultimate', 'sectoral-services/b2b-companies-360-marketing-management/growth/ultimate', 'B2B Firmaları için 360 Pazarlama Yönetimi - Growth - Ultimate', 'B2B Companies 360 Marketing Management - Growth - Ultimate', NULL, NULL, '85000.00', 'TRY', 'sektorler', 1, '2026-02-25 01:23:24.000', '2026-02-27 03:41:56.000', 'service', NULL, NULL, NULL, NULL, 101, NULL, NULL, NULL, NULL, NULL, NULL, NULL, NULL),
(151, 'service-payment-systems-growth-ultimate', 'sektorel-hizmetler/odeme-sistemleri-firmalari-icin-360-pazarlama-yonetimi/growth/ultimate', 'sectoral-services/payment-systems-companies-360-marketing-management/growth/ultimate', 'Ödeme Sistemleri Firmaları için 360 Pazarlama Yönetimi - Growth - Ultimate', 'Ödeme Sistemleri Marketing Management - Growth - Ultimate', NULL, NULL, '85000.00', 'TRY', 'sektorler', 1, '2026-02-25 01:23:24.000', '2026-02-27 03:41:56.000', 'service', NULL, NULL, NULL, NULL, 102, NULL, NULL, NULL, NULL, NULL, NULL, NULL, NULL),
(152, 'service-industrial-food-growth-ultimate', 'sektorel-hizmetler/endustriyel-gida-sef-cozumleri-firmalari-icin-360-pazarlama-yonetimi/growth/ultimate', 'sectoral-services/industrial-food-and-chef-solutions-companies-360-marketing-management/growth/ultimate', 'Endüstriyel Gıda Şef Çözümleri Firmaları için 360 Pazarlama Yönetimi - Growth - Ultimate', 'Endüstriyel Gıda Şef Çözümleri Marketing - Growth - Ultimate', NULL, NULL, '85000.00', 'TRY', 'sektorler', 1, '2026-02-25 01:23:24.000', '2026-02-27 03:41:56.000', 'service', NULL, NULL, NULL, NULL, 103, NULL, NULL, NULL, NULL, NULL, NULL, NULL, NULL),
(153, 'service-fintech-360-growth-ultimate', 'sektorel-hizmetler/fintech-firmalari-icin-360-pazarlama-yonetimi/growth/ultimate', 'sectoral-services/fintech-companies-360-marketing-management/growth/ultimate', 'Fintech Firmaları için 360 Pazarlama Yönetimi - Growth - Ultimate', 'Fintech 360 Marketing Management - Growth - Ultimate', NULL, NULL, '85000.00', 'TRY', 'sektorler', 1, '2026-02-25 01:23:24.000', '2026-02-27 03:41:56.000', 'service', NULL, NULL, NULL, NULL, 104, NULL, NULL, NULL, NULL, NULL, NULL, NULL, NULL),
(154, 'service-tech-software-growth-ultimate', 'sektorel-hizmetler/teknoloji-yazilim-firmalari-icin-360-pazarlama-yonetimi/growth/ultimate', 'sectoral-services/technology-and-software-companies-360-marketing-management/growth/ultimate', 'Teknoloji Yazılım Firmaları için 360 Pazarlama Yönetimi - Growth - Ultimate', 'Teknoloji Yazılım 360 Marketing - Growth - Ultimate', NULL, NULL, '85000.00', 'TRY', 'sektorler', 1, '2026-02-25 01:23:24.000', '2026-02-27 03:41:56.000', 'service', NULL, NULL, NULL, NULL, 105, NULL, NULL, NULL, NULL, NULL, NULL, NULL, NULL),
(155, 'service-energy-growth-ultimate', 'sektorel-hizmetler/enerji-firmalari-icin-360-pazarlama-yonetimi/growth/ultimate', 'sectoral-services/energy-companies-360-marketing-management/growth/ultimate', 'Enerji Firmaları için 360 Pazarlama Yönetimi - Growth - Ultimate', 'Enerji Firmaları 360 Marketing - Growth - Ultimate', NULL, NULL, '85000.00', 'TRY', 'sektorler', 1, '2026-02-25 01:23:24.000', '2026-02-27 03:41:56.000', 'service', NULL, NULL, NULL, NULL, 106, NULL, NULL, NULL, NULL, NULL, NULL, NULL, NULL),
(156, 'service-interior-design-growth-ultimate', 'sektorel-hizmetler/ofis-kurumsal-ic-tasarim-firmalari-icin-360-pazarlama-yonetimi/growth/ultimate', 'sectoral-services/office-and-corporate-interior-design-companies-360-marketing-management/growth/ultimate', 'Ofis Kurumsal İç Tasarım Firmaları için 360 Pazarlama Yönetimi - Growth - Ultimate', 'Ofis Kurumsal İç Tasarım 360 Marketing - Growth - Ultimate', NULL, NULL, '85000.00', 'TRY', 'sektorler', 1, '2026-02-25 01:23:24.000', '2026-02-27 03:41:56.000', 'service', NULL, NULL, NULL, NULL, 107, NULL, NULL, NULL, NULL, NULL, NULL, NULL, NULL),
(157, 'service-fleet-rental-growth-ultimate', 'sektorel-hizmetler/filo-kiralama-firmalari-icin-360-pazarlama-yonetimi/growth/ultimate', 'sectoral-services/fleet-rental-companies-360-marketing-management/growth/ultimate', 'Filo Kiralama Firmaları için 360 Pazarlama Yönetimi - Growth - Ultimate', 'Filo Kiralama Firmaları 360 Marketing - Growth - Ultimate', NULL, NULL, '85000.00', 'TRY', 'sektorler', 1, '2026-02-25 01:23:24.000', '2026-02-27 03:41:56.000', 'service', NULL, NULL, NULL, NULL, 108, NULL, NULL, NULL, NULL, NULL, NULL, NULL, NULL),
(158, 'service-manufacturing-growth-ultimate', 'sektorel-hizmetler/uretim-firmalari-icin-360-pazarlama-yonetimi/growth/ultimate', 'sectoral-services/manufacturing-companies-360-marketing-management/growth/ultimate', 'Üretim Firmaları için 360 Pazarlama Yönetimi - Growth - Ultimate', 'Üretim Sektörü Firmaları 360 Marketing - Growth - Ultimate', NULL, NULL, '85000.00', 'TRY', 'sektorler', 1, '2026-02-25 01:23:24.000', '2026-02-27 03:41:56.000', 'service', NULL, NULL, NULL, NULL, 109, NULL, NULL, NULL, NULL, NULL, NULL, NULL, NULL),
(159, 'service-b2b-360-core-growth-ultimate', 'sektorel-hizmetler/b2b-firmalari-icin-360-pazarlama-yonetimi/core/growth/ultimate', 'sectoral-services/b2b-companies-360-marketing-management/core/growth/ultimate', 'B2B Firmaları için 360 Pazarlama Yönetimi - Core - Growth - Ultimate', 'B2B Companies 360 Marketing Management - Core - Growth - Ultimate', NULL, NULL, '85000.00', 'TRY', 'sektorler', 1, '2026-02-25 01:23:24.000', '2026-02-27 03:41:56.000', 'service', NULL, NULL, NULL, NULL, 110, NULL, NULL, NULL, NULL, NULL, NULL, NULL, NULL),
(160, 'service-payment-systems-core-growth-ultimate', 'sektorel-hizmetler/odeme-sistemleri-firmalari-icin-360-pazarlama-yonetimi/core/growth/ultimate', 'sectoral-services/payment-systems-companies-360-marketing-management/core/growth/ultimate', 'Ödeme Sistemleri Firmaları için 360 Pazarlama Yönetimi - Core - Growth - Ultimate', 'Ödeme Sistemleri Marketing Management - Core - Growth - Ultimate', NULL, NULL, '85000.00', 'TRY', 'sektorler', 1, '2026-02-25 01:23:24.000', '2026-02-27 03:41:56.000', 'service', NULL, NULL, NULL, NULL, 111, NULL, NULL, NULL, NULL, NULL, NULL, NULL, NULL),
(161, 'service-industrial-food-core-growth-ultimate', 'sektorel-hizmetler/endustriyel-gida-sef-cozumleri-firmalari-icin-360-pazarlama-yonetimi/core/growth/ultimate', 'sectoral-services/industrial-food-and-chef-solutions-companies-360-marketing-management/core/growth/ultimate', 'Endüstriyel Gıda Şef Çözümleri Firmaları için 360 Pazarlama Yönetimi - Core - Growth - Ultimate', 'Endüstriyel Gıda Şef Çözümleri Marketing - Core - Growth - Ultimate', NULL, NULL, '85000.00', 'TRY', 'sektorler', 1, '2026-02-25 01:23:24.000', '2026-02-27 03:41:56.000', 'service', NULL, NULL, NULL, NULL, 112, NULL, NULL, NULL, NULL, NULL, NULL, NULL, NULL),
(162, 'service-fintech-360-core-growth-ultimate', 'sektorel-hizmetler/fintech-firmalari-icin-360-pazarlama-yonetimi/core/growth/ultimate', 'sectoral-services/fintech-companies-360-marketing-management/core/growth/ultimate', 'Fintech Firmaları için 360 Pazarlama Yönetimi - Core - Growth - Ultimate', 'Fintech 360 Marketing Management - Core - Growth - Ultimate', NULL, NULL, '85000.00', 'TRY', 'sektorler', 1, '2026-02-25 01:23:24.000', '2026-02-27 03:41:56.000', 'service', NULL, NULL, NULL, NULL, 113, NULL, NULL, NULL, NULL, NULL, NULL, NULL, NULL),
(163, 'service-tech-software-core-growth-ultimate', 'sektorel-hizmetler/teknoloji-yazilim-firmalari-icin-360-pazarlama-yonetimi/core/growth/ultimate', 'sectoral-services/technology-and-software-companies-360-marketing-management/core/growth/ultimate', 'Teknoloji Yazılım Firmaları için 360 Pazarlama Yönetimi - Core - Growth - Ultimate', 'Teknoloji Yazılım 360 Marketing - Core - Growth - Ultimate', NULL, NULL, '85000.00', 'TRY', 'sektorler', 1, '2026-02-25 01:23:24.000', '2026-02-27 03:41:56.000', 'service', NULL, NULL, NULL, NULL, 114, NULL, NULL, NULL, NULL, NULL, NULL, NULL, NULL),
(164, 'service-energy-core-growth-ultimate', 'sektorel-hizmetler/enerji-firmalari-icin-360-pazarlama-yonetimi/core/growth/ultimate', 'sectoral-services/energy-companies-360-marketing-management/core/growth/ultimate', 'Enerji Firmaları için 360 Pazarlama Yönetimi - Core - Growth - Ultimate', 'Enerji Firmaları 360 Marketing - Core - Growth - Ultimate', NULL, NULL, '85000.00', 'TRY', 'sektorler', 1, '2026-02-25 01:23:24.000', '2026-02-27 03:41:56.000', 'service', NULL, NULL, NULL, NULL, 115, NULL, NULL, NULL, NULL, NULL, NULL, NULL, NULL),
(165, 'service-interior-design-core-growth-ultimate', 'sektorel-hizmetler/ofis-kurumsal-ic-tasarim-firmalari-icin-360-pazarlama-yonetimi/core/growth/ultimate', 'sectoral-services/office-and-corporate-interior-design-companies-360-marketing-management/core/growth/ultimate', 'Ofis Kurumsal İç Tasarım Firmaları için 360 Pazarlama Yönetimi - Core - Growth - Ultimate', 'Ofis Kurumsal İç Tasarım 360 Marketing - Core - Growth - Ultimate', NULL, NULL, '85000.00', 'TRY', 'sektorler', 1, '2026-02-25 01:23:24.000', '2026-02-27 03:41:56.000', 'service', NULL, NULL, NULL, NULL, 116, NULL, NULL, NULL, NULL, NULL, NULL, NULL, NULL),
(166, 'service-fleet-rental-core-growth-ultimate', 'sektorel-hizmetler/filo-kiralama-firmalari-icin-360-pazarlama-yonetimi/core/growth/ultimate', 'sectoral-services/fleet-rental-companies-360-marketing-management/core/growth/ultimate', 'Filo Kiralama Firmaları için 360 Pazarlama Yönetimi - Core - Growth - Ultimate', 'Filo Kiralama Firmaları 360 Marketing - Core - Growth - Ultimate', NULL, NULL, '85000.00', 'TRY', 'sektorler', 1, '2026-02-25 01:23:24.000', '2026-02-27 03:41:56.000', 'service', NULL, NULL, NULL, NULL, 117, NULL, NULL, NULL, NULL, NULL, NULL, NULL, NULL),
(167, 'service-manufacturing-core-growth-ultimate', 'sektorel-hizmetler/uretim-firmalari-icin-360-pazarlama-yonetimi/core/growth/ultimate', 'sectoral-services/manufacturing-companies-360-marketing-management/core/growth/ultimate', 'Üretim Firmaları için 360 Pazarlama Yönetimi - Core - Growth - Ultimate', 'Üretim Sektörü Firmaları 360 Marketing - Core - Growth - Ultimate', NULL, NULL, '85000.00', 'TRY', 'sektorler', 1, '2026-02-25 01:23:24.000', '2026-02-27 03:41:56.000', 'service', NULL, NULL, NULL, NULL, 118, NULL, NULL, NULL, NULL, NULL, NULL, NULL, NULL),
(195, 'service-maestro-ai-b2b', 'urunler/maestro-ai-b2b', 'products/maestro-ai-b2b', 'Maestro AI (B2B)', 'Maestro AI (B2B)', 'B2B sektörüne özel Maestro AI pazarlama stratejisti.', 'Maestro AI marketing strategist specialized for the B2B sector.', '1200.00', 'TRY', 'Ürünler', 1, '2026-03-16 18:31:09.000', '2026-03-16 18:31:09.000', 'subscription', NULL, NULL, NULL, NULL, NULL, 'Manage Your B2B Marketing Strategy with Maestro AI – Khilonfast', 'Accelerate your marketing decisions with Maestro AI specialized for the B2B sector.', NULL, NULL, 'B2B Pazarlama Stratejinizi Maestro AI ile Yönetin – Khilonfast', 'B2B sektörü için özelleştirilmiş Maestro AI ile pazarlama kararlarınızı hızlandırın.', NULL, NULL),
(196, 'maestro-b2b-kredili', NULL, 'products/maestro-ai-b2b/maestro-b2b-kredili', 'Kredili Maestro (B2B)', 'Credited Maestro (B2B)', 'B2B sektörüne özel Kredili Maestro paketi.', 'Credited Maestro package for B2B sector.', '1200.00', 'TRY', 'Ürünler', 1, '2026-03-16 18:31:09.000', '2026-03-16 19:22:24.000', 'subscription', NULL, NULL, NULL, NULL, 195, NULL, NULL, NULL, NULL, NULL, NULL, NULL, NULL),
(197, 'maestro-b2b-sinirsiz', NULL, 'products/maestro-ai-b2b/maestro-b2b-sinirsiz', 'Sınırsız Maestro (B2B)', 'Unlimited Maestro (B2B)', 'B2B sektörüne özel Sınırsız Maestro paketi.', 'Unlimited Maestro package for B2B sector.', '2000.00', 'TRY', 'Ürünler', 1, '2026-03-16 18:31:09.000', '2026-03-16 19:22:24.000', 'subscription', NULL, NULL, NULL, NULL, 195, NULL, NULL, NULL, NULL, NULL, NULL, NULL, NULL),
(198, 'service-maestro-ai-odeme-sistemleri', 'urunler/maestro-ai-odeme-sistemleri', 'products/maestro-ai-payment-systems', 'Maestro AI (Ödeme Sistemleri)', 'Maestro AI (Payment Systems)', 'Ödeme sistemleri sektörüne özel Maestro AI pazarlama stratejisti.', 'Maestro AI marketing strategist specialized for the payment systems sector.', '1200.00', 'TRY', 'Ürünler', 1, '2026-03-16 18:31:09.000', '2026-03-16 18:31:09.000', 'subscription', NULL, NULL, NULL, NULL, NULL, 'Manage Your Payment Systems Marketing Strategy with Maestro AI – Khilonfast', 'Accelerate your marketing decisions with Maestro AI specialized for the payment systems sector.', NULL, NULL, 'Ödeme Sistemleri Pazarlama Stratejinizi Maestro AI ile Yönetin – Khilonfast', 'Ödeme sistemleri sektörü için özelleştirilmiş Maestro AI ile pazarlama kararlarınızı hızlandırın.', NULL, NULL),
(199, 'maestro-odeme-kredili', NULL, 'products/maestro-ai-payment-systems/maestro-odeme-kredili', 'Kredili Maestro (Ödeme Sistemleri)', 'Credited Maestro (Payment Systems)', 'Ödeme sistemleri sektörüne özel Kredili Maestro paketi.', 'Credited Maestro package for payment systems sector.', '1200.00', 'TRY', 'Ürünler', 1, '2026-03-16 18:31:09.000', '2026-03-16 19:22:24.000', 'subscription', NULL, NULL, NULL, NULL, 198, NULL, NULL, NULL, NULL, NULL, NULL, NULL, NULL),
(200, 'maestro-odeme-sinirsiz', NULL, 'products/maestro-ai-payment-systems/maestro-odeme-sinirsiz', 'Sınırsız Maestro (Ödeme Sistemleri)', 'Unlimited Maestro (Payment Systems)', 'Ödeme sistemleri sektörüne özel Sınırsız Maestro paketi.', 'Unlimited Maestro package for payment systems sector.', '2000.00', 'TRY', 'Ürünler', 1, '2026-03-16 18:31:09.000', '2026-03-16 19:22:24.000', 'subscription', NULL, NULL, NULL, NULL, 198, NULL, NULL, NULL, NULL, NULL, NULL, NULL, NULL),
(201, 'service-maestro-ai-endustriyel-gida', 'urunler/maestro-ai-endustriyel-gida', 'products/maestro-ai-industrial-food', 'Maestro AI (Endüstriyel Gıda)', 'Maestro AI (Industrial Food)', 'Endüstriyel gıda sektörüne özel Maestro AI pazarlama stratejisti.', 'Maestro AI marketing strategist specialized for the industrial food sector.', '1200.00', 'TRY', 'Ürünler', 1, '2026-03-16 18:31:09.000', '2026-03-16 18:31:09.000', 'subscription', NULL, NULL, NULL, NULL, NULL, 'Manage Your Industrial Food Marketing Strategy with Maestro AI – Khilonfast', 'Accelerate your marketing decisions with Maestro AI specialized for the industrial food sector.', NULL, NULL, 'Endüstriyel Gıda Pazarlama Stratejinizi Maestro AI ile Yönetin – Khilonfast', 'Endüstriyel gıda sektörü için özelleştirilmiş Maestro AI ile pazarlama kararlarınızı hızlandırın.', NULL, NULL),
(202, 'maestro-gida-kredili', NULL, 'products/maestro-ai-industrial-food/maestro-gida-kredili', 'Kredili Maestro (Endüstriyel Gıda)', 'Credited Maestro (Industrial Food)', 'Endüstriyel gıda sektörüne özel Kredili Maestro paketi.', 'Credited Maestro package for industrial food sector.', '1200.00', 'TRY', 'Ürünler', 1, '2026-03-16 18:31:09.000', '2026-03-16 19:22:24.000', 'subscription', NULL, NULL, NULL, NULL, 201, NULL, NULL, NULL, NULL, NULL, NULL, NULL, NULL),
(203, 'maestro-gida-sinirsiz', NULL, 'products/maestro-ai-industrial-food/maestro-gida-sinirsiz', 'Sınırsız Maestro (Endüstriyel Gıda)', 'Unlimited Maestro (Industrial Food)', 'Endüstriyel gıda sektörüne özel Sınırsız Maestro paketi.', 'Unlimited Maestro package for industrial food sector.', '2000.00', 'TRY', 'Ürünler', 1, '2026-03-16 18:31:09.000', '2026-03-16 19:22:24.000', 'subscription', NULL, NULL, NULL, NULL, 201, NULL, NULL, NULL, NULL, NULL, NULL, NULL, NULL),
(204, 'service-maestro-ai-fintech', 'urunler/maestro-ai-fintech', 'products/maestro-ai-fintech', 'Maestro AI (FinTech)', 'Maestro AI (FinTech)', 'FinTech sektörüne özel Maestro AI pazarlama stratejisti.', 'Maestro AI marketing strategist specialized for the FinTech sector.', '1200.00', 'TRY', 'Ürünler', 1, '2026-03-16 18:31:09.000', '2026-03-16 18:31:09.000', 'subscription', NULL, NULL, NULL, NULL, NULL, 'Manage Your FinTech Marketing Strategy with Maestro AI – Khilonfast', 'Accelerate your marketing decisions with Maestro AI specialized for the FinTech sector.', NULL, NULL, 'FinTech Pazarlama Stratejinizi Maestro AI ile Yönetin – Khilonfast', 'FinTech sektörü için özelleştirilmiş Maestro AI ile pazarlama kararlarınızı hızlandırın.', NULL, NULL),
(205, 'maestro-fintech-kredili', NULL, 'products/maestro-ai-fintech/maestro-fintech-kredili', 'Kredili Maestro (FinTech)', 'Credited Maestro (FinTech)', 'FinTech sektörüne özel Kredili Maestro paketi.', 'Credited Maestro package for FinTech sector.', '1200.00', 'TRY', 'Ürünler', 1, '2026-03-16 18:31:09.000', '2026-03-16 19:22:24.000', 'subscription', NULL, NULL, NULL, NULL, 204, NULL, NULL, NULL, NULL, NULL, NULL, NULL, NULL),
(206, 'maestro-fintech-sinirsiz', NULL, 'products/maestro-ai-fintech/maestro-fintech-sinirsiz', 'Sınırsız Maestro (FinTech)', 'Unlimited Maestro (FinTech)', 'FinTech sektörüne özel Sınırsız Maestro paketi.', 'Unlimited Maestro package for FinTech sector.', '2000.00', 'TRY', 'Ürünler', 1, '2026-03-16 18:31:09.000', '2026-03-16 19:22:24.000', 'subscription', NULL, NULL, NULL, NULL, 204, NULL, NULL, NULL, NULL, NULL, NULL, NULL, NULL),
(207, 'service-maestro-ai-enerji', 'urunler/maestro-ai-enerji', 'products/maestro-ai-energy', 'Maestro AI (Enerji)', 'Maestro AI (Energy)', 'Enerji sektörüne özel Maestro AI pazarlama stratejisti.', 'Maestro AI marketing strategist specialized for the energy sector.', '1200.00', 'TRY', 'Ürünler', 1, '2026-03-16 18:31:09.000', '2026-03-16 18:31:09.000', 'subscription', NULL, NULL, NULL, NULL, NULL, 'Manage Your Energy Sector Marketing Strategy with Maestro AI – Khilonfast', 'Accelerate your marketing decisions with Maestro AI specialized for the energy sector.', NULL, NULL, 'Enerji Sektörü Pazarlama Stratejinizi Maestro AI ile Yönetin – Khilonfast', 'Enerji sektörü için özelleştirilmiş Maestro AI ile pazarlama kararlarınızı hızlandırın.', NULL, NULL),
(208, 'maestro-enerji-kredili', NULL, 'products/maestro-ai-energy/maestro-enerji-kredili', 'Kredili Maestro (Enerji)', 'Credited Maestro (Energy)', 'Enerji sektörüne özel Kredili Maestro paketi.', 'Credited Maestro package for energy sector.', '1200.00', 'TRY', 'Ürünler', 1, '2026-03-16 18:31:09.000', '2026-03-16 19:22:24.000', 'subscription', NULL, NULL, NULL, NULL, 207, NULL, NULL, NULL, NULL, NULL, NULL, NULL, NULL),
(209, 'maestro-enerji-sinirsiz', NULL, 'products/maestro-ai-energy/maestro-enerji-sinirsiz', 'Sınırsız Maestro (Enerji)', 'Unlimited Maestro (Energy)', 'Enerji sektörüne özel Sınırsız Maestro paketi.', 'Unlimited Maestro package for energy sector.', '2000.00', 'TRY', 'Ürünler', 1, '2026-03-16 18:31:09.000', '2026-03-16 19:22:24.000', 'subscription', NULL, NULL, NULL, NULL, 207, NULL, NULL, NULL, NULL, NULL, NULL, NULL, NULL),
(210, 'service-maestro-ai-ofis-tasarim', 'urunler/maestro-ai-ofis-tasarim', 'products/maestro-ai-office-interior-design', 'Maestro AI (Ofis & İç Tasarım)', 'Maestro AI (Office & Interior Design)', 'Ofis & kurumsal iç tasarım sektörüne özel Maestro AI pazarlama stratejisti.', 'Maestro AI marketing strategist specialized for the office & corporate interior design sector.', '1200.00', 'TRY', 'Ürünler', 1, '2026-03-16 18:31:09.000', '2026-03-16 18:31:09.000', 'subscription', NULL, NULL, NULL, NULL, NULL, 'Manage Your Office & Interior Design Marketing Strategy with Maestro AI – Khilonfast', 'Accelerate your marketing decisions with Maestro AI specialized for the office & interior design sector.', NULL, NULL, 'Ofis & Kurumsal İç Tasarım Pazarlama Stratejinizi Maestro AI ile Yönetin – Khilonfast', 'Ofis & iç tasarım sektörü için özelleştirilmiş Maestro AI ile pazarlama kararlarınızı hızlandırın.', NULL, NULL),
(211, 'maestro-ofis-kredili', NULL, 'products/maestro-ai-office-interior-design/maestro-ofis-kredili', 'Kredili Maestro (Ofis & İç Tasarım)', 'Credited Maestro (Office & Interior Design)', 'Ofis & iç tasarım sektörüne özel Kredili Maestro paketi.', 'Credited Maestro package for office & interior design sector.', '1200.00', 'TRY', 'Ürünler', 1, '2026-03-16 18:31:09.000', '2026-03-16 19:22:24.000', 'subscription', NULL, NULL, NULL, NULL, 210, NULL, NULL, NULL, NULL, NULL, NULL, NULL, NULL),
(212, 'maestro-ofis-sinirsiz', NULL, 'products/maestro-ai-office-interior-design/maestro-ofis-sinirsiz', 'Sınırsız Maestro (Ofis & İç Tasarım)', 'Unlimited Maestro (Office & Interior Design)', 'Ofis & iç tasarım sektörüne özel Sınırsız Maestro paketi.', 'Unlimited Maestro package for office & interior design sector.', '2000.00', 'TRY', 'Ürünler', 1, '2026-03-16 18:31:09.000', '2026-03-16 19:22:24.000', 'subscription', NULL, NULL, NULL, NULL, 210, NULL, NULL, NULL, NULL, NULL, NULL, NULL, NULL),
(213, 'service-maestro-ai-filo-kiralama', 'urunler/maestro-ai-filo-kiralama', 'products/maestro-ai-fleet-rental', 'Maestro AI (Filo Kiralama)', 'Maestro AI (Fleet Rental)', 'Filo kiralama sektörüne özel Maestro AI pazarlama stratejisti.', 'Maestro AI marketing strategist specialized for the fleet rental sector.', '1200.00', 'TRY', 'Ürünler', 1, '2026-03-16 18:31:09.000', '2026-03-16 18:31:09.000', 'subscription', NULL, NULL, NULL, NULL, NULL, 'Manage Your Fleet Rental Marketing Strategy with Maestro AI – Khilonfast', 'Accelerate your marketing decisions with Maestro AI specialized for the fleet rental sector.', NULL, NULL, 'Filo Kiralama Pazarlama Stratejinizi Maestro AI ile Yönetin – Khilonfast', 'Filo kiralama sektörü için özelleştirilmiş Maestro AI ile pazarlama kararlarınızı hızlandırın.', NULL, NULL),
(214, 'maestro-filo-kredili', NULL, 'products/maestro-ai-fleet-rental/maestro-filo-kredili', 'Kredili Maestro (Filo Kiralama)', 'Credited Maestro (Fleet Rental)', 'Filo kiralama sektörüne özel Kredili Maestro paketi.', 'Credited Maestro package for fleet rental sector.', '1200.00', 'TRY', 'Ürünler', 1, '2026-03-16 18:31:09.000', '2026-03-16 19:22:24.000', 'subscription', NULL, NULL, NULL, NULL, 213, NULL, NULL, NULL, NULL, NULL, NULL, NULL, NULL),
(215, 'maestro-filo-sinirsiz', NULL, 'products/maestro-ai-fleet-rental/maestro-filo-sinirsiz', 'Sınırsız Maestro (Filo Kiralama)', 'Unlimited Maestro (Fleet Rental)', 'Filo kiralama sektörüne özel Sınırsız Maestro paketi.', 'Unlimited Maestro package for fleet rental sector.', '2000.00', 'TRY', 'Ürünler', 1, '2026-03-16 18:31:09.000', '2026-03-16 19:22:25.000', 'subscription', NULL, NULL, NULL, NULL, 213, NULL, NULL, NULL, NULL, NULL, NULL, NULL, NULL),
(224, 'consulting-odeme-sistemlerinde-buyume', NULL, NULL, 'Ödeme Sistemlerinde Büyüme Odaklı Pazarlama Danışmanlığı', NULL, 'Ödeme sistemleri şirketinizde yüz yüze, uygulamalı büyüme odaklı pazarlama danışmanlığı.', NULL, '5000.00', 'USD', 'danismanlik', 1, '2026-03-19 04:27:42.000', '2026-03-19 04:27:42.000', 'service', NULL, NULL, NULL, NULL, NULL, NULL, NULL, NULL, NULL, NULL, NULL, NULL, NULL),
(225, 'consulting-b2b-sektorunde-buyume', NULL, NULL, 'B2B Sektöründe Büyüme Odaklı Pazarlama Danışmanlığı', NULL, 'B2B firmanızda yüz yüze pazarlama ve satış entegrasyonu danışmanlığı.', NULL, '5000.00', 'USD', 'danismanlik', 1, '2026-03-19 04:27:42.000', '2026-03-19 04:27:42.000', 'service', NULL, NULL, NULL, NULL, NULL, NULL, NULL, NULL, NULL, NULL, NULL, NULL, NULL),
(226, 'consulting-fintech-sektorunde-buyume', NULL, NULL, 'Fintech Sektöründe Büyüme Odaklı Pazarlama Danışmanlığı', NULL, 'Fintech firmanızda büyüme stratejileri ve kanal optimizasyonu danışmanlığı.', NULL, '5000.00', 'USD', 'danismanlik', 1, '2026-03-19 04:27:42.000', '2026-03-19 04:27:42.000', 'service', NULL, NULL, NULL, NULL, NULL, NULL, NULL, NULL, NULL, NULL, NULL, NULL, NULL),
(227, 'consulting-teknoloji-yazilim-buyume', NULL, NULL, 'Teknoloji & Yazılım Sektöründe Büyüme Odaklı Pazarlama Danışmanlığı', NULL, 'SaaS ve teknoloji şirketinizde performans odaklı danışmanlık.', NULL, '5000.00', 'USD', 'danismanlik', 1, '2026-03-19 04:27:42.000', '2026-03-19 04:27:42.000', 'service', NULL, NULL, NULL, NULL, NULL, NULL, NULL, NULL, NULL, NULL, NULL, NULL, NULL),
(228, 'consulting-uretim-sektorunde-buyume', NULL, NULL, 'Üretim Sektöründe Büyüme Odaklı Pazarlama Danışmanlığı', NULL, 'Üretim firmanızda sürdürülebilir talep ve dönüşüm yönetimi danışmanlığı.', NULL, '5000.00', 'USD', 'danismanlik', 1, '2026-03-19 04:27:42.000', '2026-03-19 04:27:42.000', 'service', NULL, NULL, NULL, NULL, NULL, NULL, NULL, NULL, NULL, NULL, NULL, NULL, NULL),
(229, 'consulting-enerji-sektorunde-buyume', NULL, NULL, 'Enerji Sektöründe Büyüme Odaklı Pazarlama Danışmanlığı', NULL, 'Enerji şirketinizde karar verici odaklı pazarlama planlama danışmanlığı.', NULL, '5000.00', 'USD', 'danismanlik', 1, '2026-03-19 04:27:42.000', '2026-03-19 04:27:42.000', 'service', NULL, NULL, NULL, NULL, NULL, NULL, NULL, NULL, NULL, NULL, NULL, NULL, NULL),
(230, 'consulting-ofis-kurumsal-ic-tasarim-buyume', NULL, NULL, 'Ofis & Kurumsal İç Tasarım Sektöründe Büyüme Odaklı Pazarlama Danışmanlığı', NULL, 'Kurumsal iç tasarım firmanızda tekliften satışa pazarlama danışmanlığı.', NULL, '5000.00', 'USD', 'danismanlik', 1, '2026-03-19 04:27:42.000', '2026-03-19 04:27:42.000', 'service', NULL, NULL, NULL, NULL, NULL, NULL, NULL, NULL, NULL, NULL, NULL, NULL, NULL),
(231, 'consulting-filo-kiralama-sektorunde-buyume', NULL, NULL, 'Filo Kiralama Sektöründe Büyüme Odaklı Pazarlama Danışmanlığı', NULL, 'Filo kiralama firmanızda lead kalitesi ve dönüşüm yönetimi danışmanlığı.', NULL, '5000.00', 'USD', 'danismanlik', 1, '2026-03-19 04:27:42.000', '2026-03-19 04:27:42.000', 'service', NULL, NULL, NULL, NULL, NULL, NULL, NULL, NULL, NULL, NULL, NULL, NULL, NULL),
(232, 'consulting-endustriyel-gida-sektorunde-buyume', NULL, NULL, 'Endüstriyel Gıda Sektöründe Büyüme Odaklı Pazarlama Danışmanlığı', NULL, 'Endüstriyel gıda sektörüne özel büyüme odaklı pazarlama danışmanlığı.', NULL, '5000.00', 'USD', 'danismanlik', 1, '2026-03-19 04:27:42.000', '2026-03-19 04:27:42.000', 'service', NULL, NULL, NULL, NULL, NULL, NULL, NULL, NULL, NULL, NULL, NULL, NULL, NULL);

DROP TABLE IF EXISTS `settings`;
CREATE TABLE `settings` (
  `setting_key` varchar(100) COLLATE utf8mb4_unicode_ci NOT NULL,
  `setting_value` text COLLATE utf8mb4_unicode_ci,
  `setting_group` varchar(50) COLLATE utf8mb4_unicode_ci NOT NULL,
  `description` varchar(255) COLLATE utf8mb4_unicode_ci DEFAULT NULL,
  `updated_at` timestamp NULL DEFAULT CURRENT_TIMESTAMP ON UPDATE CURRENT_TIMESTAMP,
  PRIMARY KEY (`setting_key`)
) ENGINE=InnoDB DEFAULT CHARSET=utf8mb4 COLLATE=utf8mb4_unicode_ci;

INSERT INTO `settings` VALUES
('contact_email', 'info@khilonfast.com', 'general', 'Contact Email', '2026-02-18 15:23:11.000'),
('deepl_api_key', '8d284ae7-c6a7-4df2-af50-7d893ef57ecb:fx', '', NULL, '2026-02-25 02:43:38.000'),
('deepl_plan_type', 'free', '', NULL, '2026-02-25 02:42:48.000'),
('google_analytics_id', '', 'seo', 'GA4 Measurement ID', '2026-02-03 17:41:59.000'),
('lidio_api_key', '********************************2a4c', 'payment', 'CMS setting: lidio_api_key', '2026-02-18 15:00:24.000'),
('lidio_api_password', 'fUUuBE4voJ6Q8ysNI5Tw', 'payment', 'CMS setting: lidio_api_password', '2026-02-18 15:05:08.000'),
('lidio_api_url', 'https://test.lidio.com/api', 'payment', 'CMS setting: lidio_api_url', '2026-02-18 15:05:08.000'),
('lidio_authorization', 'MxS2S ZmIwYzc0ZWMtNjA0NS00OWY5LWFhMTctNjNjOTkxOGUyYTRjOmZVVXVCRTR2b0o2UTh5c05JNVR3', 'payment', 'CMS setting: lidio_authorization', '2026-02-18 15:05:08.000'),
('lidio_enforce_callback_hash', 'true', 'payment', 'CMS setting: lidio_enforce_callback_hash', '2026-02-18 12:58:15.000'),
('lidio_force_3ds', 'true', 'payment', 'CMS setting: lidio_force_3ds', '2026-02-18 12:58:15.000'),
('lidio_merchant_code', 'KHILON', 'payment', 'CMS setting: lidio_merchant_code', '2026-02-18 15:05:08.000'),
('lidio_merchant_id', 'KHILON', 'payment', 'CMS setting: lidio_merchant_id', '2026-02-18 12:49:50.000'),
('lidio_merchant_key', 'fb0c74ec-6045-49f9-aa17-63c9918e2a4c', 'payment', 'CMS setting: lidio_merchant_key', '2026-02-18 15:05:08.000'),
('lidio_notification_hash_algorithm', 'sha256', 'payment', 'CMS setting: lidio_notification_hash_algorithm', '2026-02-18 12:58:15.000'),
('lidio_notification_hash_fields', 'orderNumber,status,transactionId', 'payment', 'CMS setting: lidio_notification_hash_fields', '2026-02-18 12:58:15.000'),
('lidio_notification_hash_mode', 'hmac', 'payment', 'CMS setting: lidio_notification_hash_mode', '2026-02-18 12:58:15.000'),
('lidio_process_3ds_path', '/ProcessPayment', 'payment', 'CMS setting: lidio_process_3ds_path', '2026-02-18 15:05:08.000'),
('lidio_process_payment_path', '/ProcessPayment', 'payment', 'CMS setting: lidio_process_payment_path', '2026-02-18 15:05:08.000'),
('lidio_query_payment_path', '/payment/query/{transactionId}', 'payment', 'CMS setting: lidio_query_payment_path', '2026-02-18 12:49:50.000'),
('lidio_refund_payment_path', '/payment/refund', 'payment', 'CMS setting: lidio_refund_payment_path', '2026-02-18 12:49:50.000'),
('lidio_return_hash_algorithm', 'sha256', 'payment', 'CMS setting: lidio_return_hash_algorithm', '2026-02-18 12:58:15.000'),
('lidio_return_hash_fields', 'orderNumber,status,transactionId', 'payment', 'CMS setting: lidio_return_hash_fields', '2026-02-18 12:58:15.000'),
('lidio_return_hash_mode', 'hmac', 'payment', 'CMS setting: lidio_return_hash_mode', '2026-02-18 12:58:15.000'),
('lidio_secret_key', '****************I5Tw', 'payment', 'CMS setting: lidio_secret_key', '2026-02-18 15:00:24.000'),
('lidio_test_mode', 'true', 'payment', 'CMS setting: lidio_test_mode', '2026-02-23 22:19:17.000'),
('lidio_use_hosted', 'false', 'payment', 'CMS setting: lidio_use_hosted', '2026-02-18 15:05:19.000'),
('payment_failed_attempts_db_threshold', '5', 'payment', 'CMS setting: payment_failed_attempts_db_threshold', '2026-02-18 12:58:15.000'),
('payment_max_amount_try', '100000', 'payment', 'CMS setting: payment_max_amount_try', '2026-02-18 12:58:15.000'),
('payment_provider', 'lidio', 'payment', 'Active Payment Provider', '2026-02-03 17:41:59.000'),
('payment_rate_limit_max_attempts', '5', 'payment', 'CMS setting: payment_rate_limit_max_attempts', '2026-02-18 12:58:15.000'),
('payment_rate_limit_window_seconds', '900', 'payment', 'CMS setting: payment_rate_limit_window_seconds', '2026-02-18 12:58:15.000'),
('site_title', 'KhilonFast', 'general', 'Website Title', '2026-02-03 17:41:59.000'),
('smtp_host', 'srvc16.trwww.com', 'mail', 'SMTP Host', '2026-02-18 15:23:11.000'),
('smtp_pass', '1vN1,WJ^', 'mail', 'SMTP Password', '2026-02-18 15:23:11.000'),
('smtp_port', '465', 'mail', 'SMTP Port', '2026-02-18 15:23:11.000'),
('smtp_secure', 'true', 'mail', 'SMTP Secure', '2026-02-18 15:23:11.000'),
('smtp_user', 'info@khilonfast.com', 'mail', 'SMTP User', '2026-02-18 15:23:11.000');

DROP TABLE IF EXISTS `subscriptions`;
CREATE TABLE `subscriptions` (
  `id` int NOT NULL AUTO_INCREMENT,
  `user_id` int NOT NULL,
  `product_id` int NOT NULL,
  `order_id` int DEFAULT NULL,
  `status` enum('active','expired','cancelled') COLLATE utf8mb4_unicode_ci DEFAULT 'active',
  `starts_at` timestamp NULL DEFAULT CURRENT_TIMESTAMP,
  `expires_at` timestamp NULL DEFAULT NULL,
  `created_at` timestamp NULL DEFAULT CURRENT_TIMESTAMP,
  `updated_at` timestamp NULL DEFAULT CURRENT_TIMESTAMP ON UPDATE CURRENT_TIMESTAMP,
  PRIMARY KEY (`id`),
  KEY `product_id` (`product_id`),
  KEY `order_id` (`order_id`),
  KEY `idx_user_id` (`user_id`),
  KEY `idx_status` (`status`),
  CONSTRAINT `subscriptions_ibfk_1` FOREIGN KEY (`user_id`) REFERENCES `users` (`id`) ON DELETE CASCADE,
  CONSTRAINT `subscriptions_ibfk_2` FOREIGN KEY (`product_id`) REFERENCES `products` (`id`) ON DELETE CASCADE,
  CONSTRAINT `subscriptions_ibfk_3` FOREIGN KEY (`order_id`) REFERENCES `orders` (`id`) ON DELETE SET NULL
) ENGINE=InnoDB AUTO_INCREMENT=12 DEFAULT CHARSET=utf8mb4 COLLATE=utf8mb4_unicode_ci;

INSERT INTO `subscriptions` VALUES
(1, 1, 2, 1, 'active', '2026-02-03 15:52:59.000', NULL, '2026-02-03 15:52:59.000', '2026-02-03 15:52:59.000'),
(2, 1, 2, 2, 'active', '2026-02-03 15:58:27.000', NULL, '2026-02-03 15:58:27.000', '2026-02-03 15:58:27.000'),
(3, 1, 1, 3, 'active', '2026-02-03 16:01:02.000', NULL, '2026-02-03 16:01:02.000', '2026-02-03 16:01:02.000'),
(4, 1, 1, 4, 'active', '2026-02-03 19:11:58.000', NULL, '2026-02-03 19:11:58.000', '2026-02-03 19:11:58.000'),
(5, 1, 2, 5, 'active', '2026-02-03 23:43:54.000', NULL, '2026-02-03 23:43:54.000', '2026-02-03 23:43:54.000'),
(6, 1, 19, 36, 'active', '2026-02-18 15:11:12.000', NULL, '2026-02-18 15:11:12.000', '2026-02-18 15:11:12.000'),
(7, 1, 19, 36, 'active', '2026-02-18 15:14:07.000', NULL, '2026-02-18 15:14:07.000', '2026-02-18 15:14:07.000'),
(8, 1, 19, 36, 'active', '2026-02-18 15:14:07.000', NULL, '2026-02-18 15:14:07.000', '2026-02-18 15:14:07.000'),
(9, 1, 19, 36, 'active', '2026-02-18 15:14:12.000', NULL, '2026-02-18 15:14:12.000', '2026-02-18 15:14:12.000'),
(10, 4, 5, 39, 'active', '2026-02-18 15:28:49.000', NULL, '2026-02-18 15:28:49.000', '2026-02-18 15:28:49.000'),
(11, 4, 5, 39, 'active', '2026-02-18 15:28:49.000', NULL, '2026-02-18 15:28:49.000', '2026-02-18 15:28:49.000');

DROP TABLE IF EXISTS `users`;
CREATE TABLE `users` (
  `id` int NOT NULL AUTO_INCREMENT,
  `email` varchar(255) COLLATE utf8mb4_unicode_ci NOT NULL,
  `password_hash` varchar(255) COLLATE utf8mb4_unicode_ci NOT NULL,
  `first_name` varchar(100) COLLATE utf8mb4_unicode_ci NOT NULL,
  `last_name` varchar(100) COLLATE utf8mb4_unicode_ci NOT NULL,
  `phone` varchar(20) COLLATE utf8mb4_unicode_ci DEFAULT NULL,
  `created_at` timestamp NULL DEFAULT CURRENT_TIMESTAMP,
  `updated_at` timestamp NULL DEFAULT CURRENT_TIMESTAMP ON UPDATE CURRENT_TIMESTAMP,
  `address` text COLLATE utf8mb4_unicode_ci,
  `role` enum('user','admin','editor') COLLATE utf8mb4_unicode_ci DEFAULT 'user',
  `must_change_password` tinyint(1) NOT NULL DEFAULT '0',
  PRIMARY KEY (`id`),
  UNIQUE KEY `email` (`email`),
  KEY `idx_email` (`email`)
) ENGINE=InnoDB AUTO_INCREMENT=11 DEFAULT CHARSET=utf8mb4 COLLATE=utf8mb4_unicode_ci;

INSERT INTO `users` VALUES
(1, 'seyitturgut@gmail.com', '$2a$10$/hvU9/F6ZCHIfrvALTKRxuiETRUhli0mZ1QAnqQ3rjibNYPYm19rq', 'Seyid', 'Turgut', '05336746421', '2026-02-03 14:54:37.000', '2026-02-18 11:19:09.000', NULL, 'admin', 0),
(4, 'seyid@ey08.net', '$2a$10$MKVRaiOuCdTdZktrWCWIDebZ8K6mtrWVLK5sTH32UF9fYKiDgf5X6', 'Seyid', 'Turgut', NULL, '2026-02-18 15:28:30.000', '2026-02-18 15:31:03.000', NULL, 'user', 0),
(10, 'info@khilonfast.com', '$2a$10$AbGEob1ndeBpdnCjiLP4Mec.rRhmWknx10W9Y3zwgOO7zSqknVd66', 'Admin', 'Khilon', NULL, '2026-03-19 05:46:26.000', '2026-03-19 05:46:26.000', NULL, 'admin', 0);

SET FOREIGN_KEY_CHECKS = 1;
